Length (cm),Width (cm),Weight (g),Pericarp Thickness (mm),Seed Count,Capsaicin Content,Vitamin C Content (mg),Sugar Content,Moisture Content,Firmness,color,Harvest Time,Average Daily Temperature During Growth (celcius),Average Temperature During Storage (celcius),Scoville Heat Units (SHU)
17.37,5.42,94.3,4.9,193.93,3.21,173.59,6.15,88.59,3.4,red,Midday,8.68,5-6,0.0
27.78,4.75,262.71,6.56,186.29,8.19,100.41,2.36,111.2,5.45,green,Midday,22.44,,0.0
6.17,3.51,66.72,7.96,298.81,4.69,125.91,6.75,72.98,2.77,red,Midday,24.99,,455995.06
6.12,6.07,51.24,4.57,39.36,2.76,143.54,5.93,63.93,1.62,yellow,Midday,13.05,,0.0
28.58,4.84,166.51,3.07,194.07,7.01,193.76,2.85,88.19,3.99,red,Midday,27.08,,0.0
13.8,8.64,189.24,4.32,72.27,2.38,140.15,4.6,117.75,3.21,yellow,Morning,24.95,,0.0
9.15,8.4,74.69,1.7,8.45,6.22,68.89,4.02,101.63,5.54,yellow,Midday,31.34,,70571.1
12.4,10.68,159.72,10.28,239.54,11.08,28.62,4.32,94.9,5.56,green,Midday,18.53,,0.0
18.9,7.66,57.72,4.63,87.1,6.74,34.05,0.65,82.13,4.32,yellow,Midday,16.14,,31362.49
35.57,8.82,633.31,6.92,244.27,0.84,312.63,0.84,84.36,2.63,red,Morning,21.27,,0.0
22.27,7.51,391.84,0.97,347.17,2.42,295.92,4.75,110.97,3.28,red,Midday,22.33,,0.0
11.04,6.03,111.64,3.78,99.29,1.77,227.79,5.63,122.34,3.62,red,Midday,18.97,,0.0
20.02,8.47,374.11,4.78,193.65,0.29,202.91,1.09,74.73,2.38,yellow,Morning,31.15,,0.0
17.99,6.05,314.55,6.1,342.18,0.52,164.19,3.78,77.62,3.74,yellow,Midday,27.12,,0.0
16.15,2.83,185.03,10.96,240.77,0.15,150.0,2.19,66.58,4.1,yellow,Midday,22.39,,0.0
32.45,6.89,697.31,3.52,161.02,2.23,3.19,0.29,73.56,4.82,green,Midday,7.74,,155995.27
9.73,6.05,29.16,2.52,71.0,3.72,187.94,2.99,81.34,3.43,green,Midday,22.81,,81373.22
12.4,7.06,104.16,11.11,143.97,7.3,366.64,5.44,91.48,3.37,red,Midday,23.23,,0.0
10.9,5.92,55.3,0.54,66.73,5.34,203.71,0.29,104.88,2.06,yellow,Midday,15.07,12-13,291759.19
20.96,8.3,319.27,4.14,233.93,7.15,186.95,1.95,73.63,1.97,yellow,Midday,26.98,,0.0
20.96,3.69,173.6,4.13,210.18,2.05,143.96,3.24,105.75,3.58,yellow,Midday,16.18,7-8,0.0
11.61,8.36,31.8,0.94,132.72,13.71,101.66,3.44,99.87,3.27,green,Midday,11.14,,166422.5
14.88,3.4,98.94,1.46,179.2,1.52,152.19,3.92,116.41,3.29,green,Evening,13.8,10-11,175435.66
11.29,6.35,14.79,2.94,129.45,0.94,71.76,0.16,119.81,2.45,yellow,Midday,22.31,,61855.57
18.97,4.58,205.81,7.31,143.4,3.68,109.83,8.25,89.89,1.76,yellow,Midday,2.24,,0.0
15.65,10.14,249.76,5.84,209.05,0.92,107.04,4.24,95.15,4.72,green,Midday,23.5,,0.0
20.16,3.01,169.29,2.48,98.18,6.11,152.62,1.03,85.99,1.62,yellow,Midday,20.48,10-11,187052.6
15.63,4.76,103.78,3.34,3.31,9.57,2.5,1.22,69.59,3.75,green,Midday,10.29,,0.0
22.31,5.45,357.12,1.15,39.29,0.02,150.17,1.01,106.5,4.42,green,Midday,29.42,7-8,20530.6
16.73,7.51,289.28,2.63,11.03,5.93,176.02,2.12,68.31,3.7,green,Midday,12.65,,118387.0
21.56,7.33,181.87,2.14,168.02,3.3,92.57,2.2,58.36,3.92,red,Evening,27.18,5-6,74246.96
12.02,6.52,140.99,5.7,4.25,8.1,141.89,2.15,105.98,4.28,yellow,Midday,13.75,,100832.55
28.17,7.15,389.92,0.04,36.62,2.83,221.06,0.94,57.74,4.33,red,Morning,24.8,,147399.88
19.08,2.66,140.89,0.69,12.08,7.39,15.26,3.95,77.69,3.93,red,Midday,23.09,8-9,11685.38
16.57,6.57,258.51,9.17,331.81,9.48,206.15,7.39,132.98,3.09,red,Evening,11.16,,0.0
19.39,6.75,450.71,5.5,59.59,8.88,80.27,3.67,70.45,3.52,yellow,Midday,20.59,,0.0
10.89,7.33,43.41,6.87,206.41,6.37,48.73,0.35,110.34,2.77,green,Morning,16.0,,0.0
12.05,8.22,34.42,4.25,93.04,4.36,225.09,1.16,88.72,3.61,yellow,Evening,18.4,8-9,69212.68
19.31,7.69,205.9,2.45,220.31,1.38,218.51,3.72,86.9,1.85,red,Midday,34.89,8-9,0.0
23.65,9.32,299.23,0.82,172.83,2.8,171.35,1.73,97.11,4.0,yellow,Midday,29.06,7-8,0.0
0.34,7.8,47.96,1.08,6.98,8.18,264.52,0.1,61.73,2.35,yellow,Midday,25.48,,181046.76
28.27,4.96,456.18,8.2,18.77,2.19,110.82,1.51,110.12,3.84,yellow,Evening,29.0,5-6,68664.66
14.52,6.82,253.06,10.89,123.12,4.93,229.26,3.24,90.71,4.11,red,Midday,17.85,,0.0
7.89,11.16,215.89,5.05,120.26,3.81,96.54,1.19,105.23,4.03,green,Midday,20.66,8-9,0.0
18.36,6.44,209.27,1.64,10.21,3.92,103.06,2.62,91.71,3.42,green,Midday,23.13,,65944.79
4.74,4.84,10.32,3.28,41.42,7.41,62.25,1.2,84.89,5.37,green,Morning,17.59,5-6,10734.4
19.08,7.76,196.36,5.25,181.49,1.02,186.84,6.9,86.07,3.64,red,Evening,14.78,,0.0
31.06,8.43,404.28,3.43,8.65,6.31,236.08,0.73,85.23,1.92,green,Midday,25.37,,113754.23
21.83,7.79,124.86,1.44,153.65,2.12,62.01,1.89,94.77,4.29,yellow,Evening,20.08,,303497.73
22.27,6.16,167.45,2.66,31.7,4.59,40.61,0.93,89.48,4.03,red,Morning,17.6,,83094.64
19.9,8.95,335.93,2.78,194.72,5.07,160.28,1.85,70.81,5.35,green,Morning,15.33,,0.0
0.68,5.33,8.26,3.06,23.19,1.56,245.9,1.41,114.52,4.92,green,Morning,11.53,,16730.47
24.93,9.77,401.13,5.63,165.76,3.97,257.36,6.29,58.43,2.09,red,Midday,38.8,,456539.68
10.59,7.31,29.44,3.85,25.12,10.61,46.9,3.14,102.71,4.09,green,Morning,17.79,,94942.39
23.07,7.56,137.07,3.3,33.25,5.41,179.33,4.65,92.07,4.54,red,Morning,11.15,,246692.91
12.12,9.91,80.51,7.21,223.23,1.11,161.35,6.68,75.22,4.81,red,Morning,25.64,4-5,0.0
15.25,6.64,144.01,1.07,123.94,6.3,224.22,3.82,121.3,4.31,red,Midday,12.99,,0.0
5.86,8.69,77.18,1.1,88.07,5.74,110.94,3.02,56.95,3.45,red,Midday,28.84,10-11,106683.57
7.27,6.0,95.62,2.95,24.52,8.08,109.54,1.08,95.13,4.29,green,Midday,18.8,,41833.22
18.3,8.04,331.88,5.61,298.23,5.29,142.4,5.95,74.07,3.68,red,Midday,22.98,,0.0
9.79,9.32,37.32,4.88,219.09,10.59,209.36,1.93,102.46,4.01,yellow,Evening,18.96,,0.0
13.37,4.77,138.14,1.19,127.75,6.19,106.78,0.16,103.48,4.28,yellow,Evening,28.19,,68900.05
13.98,5.19,78.33,4.84,193.23,1.73,77.26,2.85,94.62,2.14,yellow,Midday,18.16,7-8,0.0
13.63,6.02,264.01,4.92,134.68,1.41,128.18,4.63,141.84,3.85,red,Morning,15.04,,0.0
16.76,9.55,136.22,3.42,20.63,2.06,262.66,3.97,75.99,4.4,yellow,Evening,40.7,,0.0
10.99,6.59,188.47,4.94,187.12,1.12,87.67,0.54,134.33,4.44,green,Morning,22.57,,0.0
12.69,9.81,27.77,4.69,13.57,1.53,78.84,3.75,93.65,3.76,green,Morning,23.2,8-9,8228.38
12.82,8.91,109.71,2.14,56.37,4.94,135.96,3.07,87.16,4.47,green,Midday,19.8,4-5,327035.47
20.54,6.88,446.43,1.55,48.93,0.34,106.96,6.63,97.56,3.51,green,Midday,23.16,,88745.42
6.48,7.25,25.92,6.82,87.73,9.15,5.47,0.88,68.14,4.97,red,Evening,21.83,5-6,166401.36
26.79,9.1,443.43,8.6,314.79,2.96,117.55,5.44,129.69,2.95,yellow,Midday,30.59,,0.0
7.81,5.21,55.36,1.34,173.96,13.16,130.11,3.21,74.85,3.93,yellow,Evening,14.24,,0.0
15.46,7.21,84.41,4.1,0.91,7.84,15.39,2.97,57.58,3.75,red,Morning,16.81,,86767.29
17.83,5.53,247.32,2.1,239.22,5.67,188.57,3.62,76.36,3.78,yellow,Midday,32.91,,0.0
10.87,5.04,190.71,3.51,159.56,0.1,138.15,8.07,125.32,3.26,yellow,Midday,24.71,12-13,0.0
9.28,5.93,36.2,3.33,31.36,0.02,161.11,3.45,104.7,4.91,red,Midday,21.84,7-8,90267.91
11.58,6.93,142.69,2.71,40.0,5.33,139.73,2.97,83.66,3.69,red,Evening,27.54,,176414.21
15.0,7.6,133.51,2.7,113.94,6.37,147.22,3.37,80.27,2.25,red,Midday,17.12,10-11,0.0
12.64,6.55,42.07,3.92,177.93,5.06,124.71,1.98,76.73,4.2,green,Midday,24.58,,0.0
15.05,8.13,143.36,3.42,178.02,3.28,243.93,0.41,78.48,4.0,yellow,Midday,17.1,,0.0
22.43,3.15,88.03,3.81,332.93,2.25,237.16,7.73,94.06,3.54,red,Midday,23.66,7-8,0.0
13.43,10.17,169.66,8.67,18.29,5.33,241.18,0.26,126.17,2.9,green,Evening,31.99,7-8,288419.94
10.37,4.62,88.06,1.55,148.26,8.21,199.85,5.81,111.8,3.25,red,Morning,20.73,,0.0
24.46,3.19,164.75,3.77,45.42,8.99,133.57,3.22,120.76,1.78,green,Morning,17.14,,384819.1
6.96,7.73,112.08,6.14,3.75,4.83,234.03,4.98,93.95,3.46,yellow,Midday,19.06,4-5,0.0
14.2,5.63,226.02,7.73,186.64,6.18,121.46,1.59,86.38,3.87,green,Morning,17.97,,0.0
14.31,6.0,299.93,5.65,182.62,1.71,71.53,6.82,82.05,2.74,yellow,Morning,14.57,,0.0
21.8,8.34,257.83,5.77,152.71,8.13,199.46,5.16,99.93,3.97,red,Midday,15.35,,0.0
14.18,9.74,405.55,6.42,12.01,1.7,122.13,1.89,73.14,4.4,yellow,Midday,22.49,,307208.63
17.1,6.59,141.95,4.04,170.25,5.13,149.08,5.2,79.93,2.3,yellow,Morning,21.73,,0.0
24.05,5.97,175.37,0.35,99.77,6.12,232.58,1.44,78.81,3.81,green,Evening,19.89,12-13,265014.13
21.19,7.31,275.69,6.06,72.3,2.39,25.99,3.84,81.25,4.49,green,Evening,22.97,8-9,0.0
5.26,7.24,64.77,0.47,76.68,5.47,117.56,1.18,115.72,3.13,yellow,Midday,12.15,,96558.26
16.21,7.99,228.26,8.49,155.16,6.77,224.39,4.36,79.71,2.95,yellow,Midday,18.56,5-6,0.0
10.66,3.39,14.5,3.13,21.16,4.11,214.61,3.15,64.22,4.74,yellow,Morning,19.41,,37205.77
20.05,7.99,319.24,3.49,109.19,6.35,103.92,0.1,54.38,3.07,red,Midday,24.56,,182388.22
14.13,7.08,78.45,8.15,75.16,2.6,119.52,1.43,135.0,3.01,green,Morning,16.76,,117619.51
12.52,2.01,123.14,8.78,231.6,4.37,58.1,1.94,68.64,4.9,green,Evening,15.69,,0.0
17.88,5.6,180.69,2.86,29.91,1.0,57.87,1.99,49.55,2.98,yellow,Morning,23.08,,141280.17
13.21,2.54,146.87,5.96,209.34,3.59,236.04,6.73,128.86,2.7,red,Midday,22.92,,0.0
4.32,11.29,25.91,4.1,128.74,6.32,135.7,0.89,94.52,1.39,red,Midday,5.99,,209355.52
16.0,11.29,166.64,3.44,51.11,8.11,112.46,7.62,106.68,5.29,yellow,Evening,19.05,5-6,0.0
12.72,7.57,194.46,0.83,90.39,5.21,158.2,0.01,71.15,4.09,yellow,Morning,24.77,7-8,182752.38
21.79,5.6,134.95,2.72,271.68,0.71,147.08,4.33,114.26,4.83,red,Midday,27.39,,0.0
17.12,5.18,204.28,3.99,13.14,10.07,44.28,2.81,98.87,2.91,yellow,Midday,17.91,7-8,345404.96
16.28,6.35,200.2,0.98,146.33,2.43,139.55,0.95,86.98,3.5,yellow,Morning,9.82,,78735.46
14.89,7.28,286.43,2.36,159.94,3.84,251.92,3.24,78.8,4.37,yellow,Midday,15.24,,194421.06
19.42,7.9,143.56,2.06,127.67,11.22,67.29,3.17,110.4,4.74,yellow,Midday,25.19,,219229.07
16.66,4.47,206.41,4.8,116.94,1.4,157.32,3.77,98.01,4.7,yellow,Morning,11.5,7-8,0.0
18.81,7.96,121.89,5.03,153.48,4.3,186.48,5.0,89.62,4.81,yellow,Evening,16.49,8-9,0.0
15.63,7.05,125.7,6.78,163.17,8.0,97.69,4.09,107.22,3.24,yellow,Midday,13.75,,0.0
17.51,6.42,156.37,4.66,61.65,2.25,6.64,5.83,62.21,4.78,green,Midday,13.69,,0.0
8.01,5.51,65.29,3.71,105.57,6.42,181.3,5.06,72.18,3.88,green,Midday,21.96,5-6,375790.68
14.77,7.72,145.3,3.87,157.33,1.91,212.98,2.07,85.95,3.51,red,Morning,26.21,,0.0
8.67,5.72,82.18,7.45,117.6,13.93,31.27,1.95,108.33,3.91,yellow,Midday,16.83,,312988.36
16.34,4.26,59.05,10.67,84.78,5.78,225.58,7.08,93.82,4.35,red,Midday,19.29,8-9,0.0
24.31,7.83,426.46,5.16,410.41,0.01,183.61,6.14,68.36,3.83,red,Midday,20.82,,0.0
23.75,5.57,86.54,7.14,245.19,1.62,155.77,6.28,79.66,3.73,red,Evening,18.59,,0.0
23.64,6.77,167.55,3.3,26.03,0.55,0.95,3.79,81.03,3.56,yellow,Evening,28.85,,29110.56
16.02,5.33,148.91,2.59,112.76,3.54,9.87,0.36,97.52,2.39,green,Evening,18.05,,0.0
16.39,7.04,35.09,7.69,158.89,7.07,140.15,6.13,84.45,4.85,red,Midday,8.86,,0.0
18.76,3.65,145.77,4.2,142.55,1.95,269.8,0.91,78.52,5.6,yellow,Midday,30.3,8-9,0.0
5.64,5.76,33.27,2.32,119.6,9.13,131.07,5.83,110.33,3.15,yellow,Midday,20.43,,343300.51
5.27,5.16,29.88,4.76,33.18,6.95,119.04,2.87,102.59,1.96,green,Midday,32.6,,132395.57
11.81,4.64,26.28,4.22,86.62,9.08,82.55,4.85,86.14,3.68,red,Evening,16.77,,0.0
7.4,4.22,67.69,4.13,48.55,4.45,88.71,3.64,96.15,3.35,green,Evening,21.95,8-9,177025.65
16.19,5.14,158.13,5.66,120.62,8.15,321.58,5.58,116.55,2.98,red,Midday,18.23,12-13,62248.45
12.87,8.3,1.91,2.09,91.37,8.33,56.84,4.24,86.79,3.05,green,Morning,24.96,5-6,7087.95
18.97,8.78,385.12,2.47,16.98,1.22,162.49,3.62,91.14,3.59,yellow,Morning,14.03,,33811.31
12.35,8.92,28.24,5.01,23.39,5.65,168.22,2.0,121.38,3.47,red,Midday,17.24,12-13,184941.59
20.5,7.88,195.17,4.91,100.35,5.73,54.82,3.96,106.24,3.89,yellow,Midday,14.59,,0.0
15.85,5.95,121.77,7.93,15.42,4.95,33.71,2.45,64.34,5.51,green,Evening,21.9,,0.0
14.91,6.83,178.71,1.88,162.26,1.73,146.67,1.01,92.48,1.51,yellow,Evening,13.2,8-9,226075.47
13.88,8.59,57.46,3.04,199.15,6.76,59.69,1.68,77.11,2.95,green,Midday,22.22,,227149.89
14.63,4.94,177.47,4.0,157.81,9.06,131.61,6.02,112.61,3.01,yellow,Morning,27.62,8-9,0.0
10.07,11.47,187.96,1.01,224.42,3.38,109.52,2.37,76.89,3.86,yellow,Morning,24.1,7-8,205117.27
15.88,4.31,167.03,5.24,74.97,2.21,195.94,5.11,86.63,4.1,green,Morning,18.14,,247967.47
15.78,5.86,104.25,7.33,152.85,7.59,214.44,4.85,109.88,4.05,yellow,Midday,21.1,,0.0
10.14,5.31,46.22,4.22,43.67,1.47,231.88,2.43,80.56,3.59,red,Evening,21.09,5-6,114333.34
24.5,8.48,305.66,6.05,265.65,1.14,188.29,4.25,99.77,2.26,red,Midday,25.82,7-8,0.0
24.4,2.53,128.57,7.19,163.96,1.55,213.44,8.84,92.97,3.07,red,Morning,19.5,,0.0
3.99,6.83,44.35,2.24,82.68,4.68,176.33,5.55,82.95,3.99,yellow,Morning,11.4,,107684.33
13.45,7.08,159.91,1.87,281.28,2.23,193.5,3.06,81.68,2.66,yellow,Morning,12.92,,0.0
17.19,9.6,185.8,9.36,50.43,6.82,157.22,5.72,100.86,3.98,yellow,Morning,25.23,10-11,0.0
25.93,6.77,356.94,1.46,18.45,4.36,53.86,3.51,81.58,2.93,yellow,Midday,14.65,7-8,152581.32
19.08,,195.46,6.67,197.54,2.32,50.23,2.73,104.23,4.09,yellow,Morning,8.52,5-6,0.0
12.25,7.77,152.99,3.47,41.42,8.98,198.36,0.71,81.41,2.67,red,Evening,23.41,10-11,109733.23
9.34,11.14,127.17,3.19,229.84,4.72,187.5,4.29,86.11,4.07,yellow,Midday,23.1,12-13,0.0
17.38,8.55,157.68,6.75,20.44,5.28,52.87,0.18,94.67,5.01,red,Evening,18.43,,89317.23
8.2,6.63,42.62,4.53,180.13,9.16,219.73,1.17,64.92,3.65,green,Midday,23.32,8-9,287984.24
7.54,6.27,69.05,1.85,130.92,2.21,202.43,5.19,114.48,2.81,red,Midday,30.97,,0.0
15.61,3.24,150.31,4.32,111.29,1.34,209.97,4.97,101.27,4.31,red,Midday,14.7,,0.0
17.29,6.56,257.65,3.91,148.1,3.81,154.61,0.01,112.91,4.59,green,Evening,18.38,,0.0
8.32,8.79,105.89,8.22,85.33,8.92,82.15,3.29,97.78,4.05,green,Midday,11.57,,0.0
10.78,4.16,104.54,5.7,132.57,0.02,235.97,3.51,85.64,4.82,red,Evening,20.02,8-9,0.0
12.51,9.51,220.64,5.26,131.95,5.76,77.71,0.49,98.01,2.72,yellow,Midday,17.79,,133430.64
13.7,6.84,166.89,9.28,213.34,0.71,158.01,2.23,82.31,3.62,red,Evening,10.63,,0.0
21.1,6.55,436.35,6.41,243.08,0.89,96.66,3.27,75.62,4.31,green,Midday,36.69,10-11,0.0
11.82,9.97,283.06,10.8,1.43,0.21,133.8,3.41,110.97,3.48,yellow,Evening,20.59,,0.0
20.02,9.15,171.53,8.35,59.93,1.01,19.84,0.38,99.15,4.98,green,Midday,26.1,12-13,0.0
16.23,10.43,310.63,6.52,161.44,7.45,214.25,4.26,81.07,2.6,red,Midday,17.93,,0.0
10.37,5.14,56.06,0.89,116.79,0.97,73.6,3.73,90.2,4.26,yellow,Midday,18.25,5-6,15490.07
15.92,8.07,270.27,6.08,49.89,5.44,179.15,2.91,83.91,5.35,green,Midday,15.15,,137733.85
20.24,8.06,281.0,2.98,271.92,1.93,95.82,3.24,88.73,5.83,green,Midday,16.11,,0.0
4.33,7.15,45.85,6.18,128.77,3.55,5.95,2.96,85.66,3.67,green,Evening,15.12,7-8,0.0
12.58,9.27,74.32,6.16,5.62,5.35,233.83,3.97,118.26,2.31,red,Midday,23.81,,194309.69
17.74,8.63,166.19,7.11,335.51,2.13,111.2,4.62,124.56,4.81,red,Midday,7.41,,0.0
7.0,9.14,19.53,0.07,77.97,12.55,125.54,2.38,37.67,2.23,green,Morning,14.83,,80075.13
21.78,5.14,247.18,4.26,16.55,7.87,115.16,0.46,88.84,2.87,yellow,Midday,18.37,,131019.25
21.44,4.92,173.72,2.42,48.01,2.44,191.97,3.69,89.77,4.06,yellow,Morning,16.75,,0.0
19.54,8.36,387.26,4.23,180.01,1.8,35.24,5.96,111.9,3.68,yellow,Midday,5.37,,343531.21
6.72,5.54,32.53,3.07,5.65,0.17,245.2,2.58,93.42,2.21,yellow,Morning,31.39,12-13,55344.1
23.84,7.45,155.66,6.43,166.43,2.44,284.68,8.52,99.72,4.61,red,Midday,12.55,5-6,0.0
11.96,3.09,100.99,2.03,21.6,9.13,173.27,3.56,46.46,4.55,green,Midday,24.44,,231824.57
12.11,4.72,79.46,6.87,220.85,2.45,165.3,4.72,93.48,5.0,yellow,Midday,19.83,,0.0
21.07,7.83,271.96,6.61,176.98,2.94,120.08,3.13,64.61,2.98,green,Midday,25.57,,0.0
20.9,4.81,147.04,0.62,72.92,0.81,110.43,0.55,91.84,2.38,yellow,Evening,20.03,,179387.02
19.45,9.75,337.55,7.89,203.03,1.44,28.26,0.38,99.92,4.29,green,Midday,7.19,,0.0
14.37,9.31,96.86,2.75,53.0,4.81,157.29,5.8,98.05,2.96,green,Midday,21.94,,156484.75
21.44,4.18,179.87,3.62,49.58,13.95,97.04,1.27,118.18,5.18,green,Midday,21.13,4-5,123728.34
21.27,8.25,232.83,3.79,90.44,3.62,41.88,0.7,63.36,3.54,green,Midday,15.11,,67542.87
14.7,5.78,122.1,6.52,164.36,3.69,266.25,5.95,132.33,4.43,red,Evening,19.91,12-13,0.0
16.48,5.13,138.47,3.0,262.98,6.2,198.33,6.85,84.31,3.47,red,Midday,16.39,8-9,0.0
17.13,4.47,211.78,0.2,101.47,3.22,106.66,2.18,103.74,5.59,red,Evening,19.58,,32319.87
13.22,4.58,13.74,7.27,72.81,5.06,240.52,4.2,95.49,2.07,red,Morning,21.23,8-9,0.0
7.77,8.87,33.11,5.08,134.51,1.2,212.72,6.04,96.83,3.66,yellow,Midday,12.29,,0.0
13.74,8.05,295.35,6.38,275.23,0.09,106.93,3.73,106.63,4.66,yellow,Evening,28.53,,0.0
11.32,7.22,124.82,5.37,79.75,6.85,39.93,1.53,73.25,5.63,green,Midday,15.0,,0.0
33.04,6.71,513.74,5.72,54.83,3.27,162.65,4.31,84.25,4.63,yellow,Midday,9.05,,0.0
13.29,3.64,82.75,0.46,220.15,4.89,125.25,4.78,87.12,5.33,green,Evening,21.74,4-5,0.0
22.83,10.9,272.12,5.91,13.42,7.14,69.25,0.35,86.95,2.76,yellow,Morning,23.89,,344532.07
21.82,3.79,274.21,3.65,197.8,4.18,52.63,4.45,102.01,4.08,green,Evening,23.24,,0.0
17.24,11.48,440.81,8.16,138.69,3.63,132.48,1.83,61.45,3.97,yellow,Midday,10.95,,0.0
10.72,9.21,235.38,8.72,157.39,4.8,204.0,2.52,94.4,4.8,yellow,Midday,20.61,,0.0
25.82,8.97,244.66,6.56,149.91,1.84,114.37,1.88,136.98,5.13,green,Midday,17.91,5-6,0.0
7.2,7.59,55.58,2.93,49.06,11.05,170.49,3.0,101.33,2.69,yellow,Midday,20.44,,50659.05
15.99,4.98,43.5,2.54,149.7,5.07,100.37,3.51,69.8,3.4,yellow,Midday,15.6,,44939.32
14.43,4.69,127.76,4.12,256.86,1.88,262.42,3.66,52.81,2.54,red,Midday,16.26,7-8,0.0
18.73,5.46,200.01,9.97,246.71,2.47,149.9,7.21,110.23,4.22,red,Evening,18.46,5-6,0.0
17.97,9.32,327.56,8.14,116.48,0.88,154.54,3.75,88.38,3.21,yellow,Midday,9.24,,0.0
16.21,5.12,222.72,8.35,356.12,0.94,144.44,4.87,75.59,5.16,green,Midday,14.72,,0.0
18.03,7.06,49.9,9.13,198.67,6.13,299.29,3.47,90.48,3.64,red,Midday,11.55,,0.0
23.24,7.06,341.63,1.53,40.97,4.87,96.59,3.5,109.89,5.54,green,Midday,33.67,,126061.3
13.49,4.48,94.86,2.11,226.07,0.65,120.63,5.59,82.83,4.5,yellow,Evening,22.85,,180177.4
10.66,8.64,192.58,4.37,156.9,2.92,160.07,1.37,56.54,5.1,green,Midday,19.29,10-11,271700.07
14.81,4.49,73.64,5.85,128.09,2.12,100.13,1.6,138.38,4.82,green,Midday,21.52,4-5,0.0
18.69,4.42,198.54,5.53,53.58,11.43,143.8,3.61,91.58,3.01,green,Midday,21.31,10-11,134158.45
14.87,8.82,247.89,2.58,39.4,3.83,158.89,3.62,74.93,2.78,green,Midday,20.64,10-11,198646.44
22.63,5.57,265.66,5.98,170.3,1.14,199.59,2.51,103.33,2.03,red,Midday,20.67,,0.0
12.15,5.95,212.76,3.68,149.9,2.3,148.36,2.61,73.59,2.63,green,Evening,13.13,4-5,0.0
23.39,7.57,340.71,0.94,119.49,0.32,19.77,4.37,85.66,2.42,green,Evening,13.67,7-8,243603.16
12.82,7.35,155.01,3.86,191.25,4.34,117.73,5.63,80.03,1.69,yellow,Morning,20.48,,0.0
18.74,9.15,344.09,2.53,211.39,1.18,205.39,5.38,79.4,1.7,red,Evening,19.27,7-8,0.0
19.33,11.16,268.54,2.92,125.54,2.29,151.37,8.06,81.73,2.91,yellow,Morning,16.63,,294181.5
24.46,5.14,174.7,4.67,203.27,2.52,117.6,4.22,107.24,3.26,yellow,Morning,13.66,,0.0
14.53,5.36,93.83,2.92,0.45,4.98,146.77,3.21,90.57,3.6,green,Midday,16.15,,6443.67
9.36,4.02,22.22,6.41,150.04,0.74,176.48,3.8,114.15,3.68,yellow,Midday,30.85,,0.0
18.04,7.54,356.79,2.08,14.21,1.76,148.17,1.13,52.09,1.5,green,Morning,13.48,,263322.78
15.71,3.61,132.84,6.84,164.95,8.22,117.78,0.81,109.48,5.36,green,Midday,20.83,,0.0
20.31,12.37,398.79,9.01,154.89,3.56,102.38,5.36,117.91,3.11,green,Evening,22.1,,0.0
13.43,6.42,134.61,4.46,107.79,8.52,239.44,2.39,98.33,1.23,yellow,Midday,13.9,,156122.1
10.98,5.93,38.17,2.37,92.86,2.39,98.04,1.83,90.79,3.92,green,Midday,22.4,,96190.76
24.04,5.66,445.94,1.58,12.4,9.24,122.94,2.78,85.59,4.61,yellow,Morning,4.95,12-13,177022.26
7.22,6.78,73.93,0.57,261.79,1.63,125.48,1.61,67.17,2.12,red,Morning,11.08,7-8,0.0
7.49,5.74,110.91,2.66,156.42,5.85,140.41,4.69,71.87,2.63,red,Midday,28.75,,0.0
11.53,5.51,177.94,8.46,244.53,0.57,17.2,4.69,95.37,5.23,green,Midday,15.13,10-11,0.0
14.76,6.62,150.82,2.83,32.42,5.21,150.33,4.29,71.81,3.85,green,Evening,11.55,12-13,342331.49
3.2,5.16,18.16,1.8,79.02,0.26,126.21,1.74,63.06,3.22,red,Morning,16.29,,23413.04
13.01,5.63,20.42,3.1,52.68,8.43,163.95,4.63,88.03,3.94,red,Evening,23.36,,0.0
18.49,2.0,168.87,1.21,121.44,3.16,203.66,4.57,112.68,3.25,yellow,Morning,15.2,,0.0
15.14,6.15,109.94,2.65,42.48,5.27,218.35,1.23,79.11,3.38,red,Morning,12.74,,153250.09
17.09,2.26,45.24,2.68,187.86,3.09,193.17,5.55,127.85,3.61,yellow,Midday,24.63,,0.0
25.92,2.84,155.72,5.59,101.75,5.99,132.13,2.21,73.16,2.8,yellow,Midday,19.53,,0.0
8.61,12.17,199.18,6.89,5.27,8.86,19.39,0.87,94.84,3.84,red,Midday,15.69,8-9,230220.03
5.6,3.85,32.35,4.48,37.25,6.1,154.15,2.1,112.41,5.18,green,Midday,12.32,8-9,75591.53
18.34,4.7,143.98,5.16,114.22,2.83,273.14,5.58,89.55,3.88,red,Midday,21.38,8-9,0.0
2.36,5.08,8.24,4.38,149.44,4.7,94.1,0.99,92.57,4.17,yellow,Morning,18.52,8-9,47783.07
30.89,4.59,338.37,10.95,264.21,3.1,248.41,4.26,94.43,1.7,red,Midday,20.2,,0.0
9.13,4.94,94.56,0.21,50.95,3.33,205.69,8.98,113.75,3.11,green,Midday,25.86,,131270.15
5.55,5.39,90.04,0.58,299.88,3.58,249.36,6.2,63.5,4.13,red,Midday,16.32,12-13,0.0
16.96,4.87,141.46,9.3,32.84,0.23,82.83,4.17,95.02,3.64,green,Midday,17.14,7-8,0.0
13.6,5.47,2.31,5.57,222.84,2.34,96.61,2.15,94.73,1.12,red,Evening,27.99,,396525.12
23.17,4.29,275.12,5.85,201.8,6.57,103.11,7.93,86.41,4.63,green,Evening,16.8,,0.0
26.56,4.59,312.65,8.84,236.35,9.57,67.74,4.83,85.83,5.63,green,Evening,6.23,,0.0
3.02,7.09,7.13,4.85,11.75,2.8,156.78,2.17,77.0,2.37,yellow,Midday,21.0,,280768.45
13.98,6.46,127.51,4.79,161.92,1.82,162.94,1.67,100.2,3.92,yellow,Midday,23.05,,0.0
29.84,9.7,423.37,0.6,119.54,0.77,54.22,1.48,54.06,3.51,red,Morning,12.35,5-6,179649.75
22.06,10.35,247.64,,226.18,1.25,113.4,4.86,96.14,2.81,red,Evening,16.58,,0.0
18.2,7.27,205.73,2.11,336.47,0.48,74.96,0.22,67.34,3.11,red,Evening,31.67,,0.0
19.74,0.1,86.01,7.38,92.39,5.46,24.16,4.84,114.55,4.84,red,Midday,29.53,,0.0
15.83,5.32,98.36,0.11,84.74,7.45,46.64,4.09,83.21,3.58,yellow,Evening,14.16,,198687.5
19.16,3.83,226.52,8.82,33.75,0.93,94.37,0.8,102.28,4.97,green,Morning,15.99,8-9,0.0
22.63,9.67,256.16,2.04,7.99,9.83,160.62,3.42,45.27,4.54,red,Midday,19.15,,255644.88
16.74,7.87,181.21,2.65,53.17,7.51,105.57,1.61,97.61,3.41,yellow,Midday,28.06,7-8,125478.33
11.58,7.58,58.3,0.7,0.3,6.48,103.71,6.06,87.4,3.05,yellow,Evening,9.33,,138885.68
15.53,8.2,231.55,4.92,113.88,3.07,188.06,2.81,73.42,2.86,yellow,Midday,18.84,7-8,0.0
16.31,4.85,83.22,6.86,274.32,3.7,140.02,5.06,105.79,4.16,yellow,Midday,20.99,7-8,0.0
13.36,6.49,123.19,2.48,112.13,4.89,106.5,4.25,105.87,4.61,green,Morning,27.7,,0.0
7.97,6.17,77.17,9.01,202.77,2.78,148.16,5.36,92.53,3.73,yellow,Midday,16.02,5-6,0.0
14.14,7.93,158.69,7.39,125.33,0.22,158.24,4.46,89.42,2.39,red,Morning,30.67,4-5,0.0
11.98,5.17,155.9,0.21,145.32,5.73,33.4,1.11,71.67,2.89,green,Midday,19.02,,101286.65
12.27,6.96,40.27,0.54,43.42,3.78,196.64,5.79,88.8,2.76,yellow,Midday,22.51,,166771.65
11.12,9.82,67.43,6.79,39.15,1.55,86.56,4.35,100.77,5.01,green,Midday,22.16,5-6,0.0
18.61,6.34,325.59,8.35,258.52,1.59,156.04,1.28,96.99,5.06,green,Morning,20.57,,0.0
12.13,4.33,0.65,6.42,1.95,0.41,50.54,3.29,55.72,3.72,yellow,Midday,16.31,,214904.61
21.71,6.47,211.06,6.68,219.3,3.22,323.09,2.61,85.81,3.73,yellow,Midday,26.3,7-8,0.0
21.5,4.9,208.13,14.49,166.55,5.91,85.05,4.08,130.04,4.74,green,Morning,14.41,,0.0
12.31,3.27,92.6,1.84,4.9,4.46,214.47,0.22,121.77,3.41,yellow,Morning,22.55,,1809.66
25.45,5.78,253.37,5.41,25.96,1.83,38.39,1.3,81.84,2.63,green,Midday,6.75,12-13,323099.0
21.01,7.53,411.67,8.57,115.57,2.54,51.27,2.88,96.71,5.45,green,Midday,15.78,5-6,0.0
20.13,6.77,117.65,4.1,152.84,1.64,135.05,3.24,60.25,8.25,green,Midday,11.73,,0.0
9.91,4.51,124.7,1.47,39.0,1.06,121.83,0.79,76.08,1.64,yellow,Evening,25.45,8-9,190608.17
19.37,5.93,104.98,3.49,157.76,1.81,296.02,4.84,87.91,4.5,red,Midday,3.69,,0.0
7.52,7.95,175.05,5.79,175.3,5.2,74.99,3.12,77.18,2.82,red,Midday,27.4,,0.0
6.25,5.51,121.93,0.54,21.4,8.74,140.57,0.59,91.31,4.25,yellow,Midday,22.77,7-8,153996.49
16.74,8.54,186.65,2.59,63.59,7.04,58.63,3.54,91.0,4.57,green,Midday,17.0,,222779.93
19.77,4.24,71.77,4.11,14.87,4.27,167.63,2.42,88.33,4.67,green,Morning,10.79,,43184.67
14.41,9.82,181.26,5.75,41.26,7.72,125.09,0.62,116.17,4.4,green,Midday,12.32,8-9,15792.8
11.01,5.37,58.46,3.7,69.59,6.18,172.43,3.65,76.53,4.17,yellow,Midday,21.44,,157377.9
14.86,9.62,113.84,9.14,233.17,4.63,107.51,5.0,110.64,4.94,yellow,Midday,16.31,,0.0
3.75,9.17,116.98,0.94,24.73,5.1,130.87,0.59,112.99,2.6,yellow,Midday,18.76,,77617.55
13.32,5.13,109.21,6.03,295.15,1.25,81.37,2.19,81.42,4.06,red,Midday,18.61,,0.0
11.46,6.31,72.69,3.94,54.12,0.75,201.86,6.08,115.15,3.62,red,Midday,13.79,,89981.3
15.35,11.58,226.23,10.01,267.54,6.01,84.72,2.99,86.61,4.66,green,Evening,4.57,,0.0
11.18,7.29,69.51,2.01,71.41,8.0,231.31,2.79,90.99,3.09,green,Morning,22.09,12-13,20064.92
11.06,6.78,54.85,1.33,159.04,2.05,171.4,3.71,105.51,3.24,yellow,Morning,21.58,,285518.19
3.89,2.38,51.25,1.53,201.58,1.11,93.26,2.63,98.55,3.81,green,Midday,9.2,,0.0
18.9,6.94,222.34,5.66,319.11,3.19,149.3,4.81,72.98,3.17,yellow,Evening,26.75,,0.0
20.49,9.09,127.34,11.92,176.3,2.49,37.06,3.16,87.41,3.54,green,Evening,16.77,8-9,0.0
14.11,6.19,182.69,8.27,227.38,3.72,47.76,0.24,66.87,5.44,green,Midday,19.5,5-6,0.0
18.22,4.65,219.04,10.25,103.35,6.13,121.6,4.02,97.91,3.84,yellow,Midday,19.73,5-6,0.0
25.9,4.62,372.88,7.98,25.4,1.29,207.36,3.68,62.91,2.68,red,Evening,14.58,10-11,0.0
16.02,5.48,160.58,9.01,203.72,6.1,149.86,2.71,74.07,3.78,yellow,Midday,15.95,,0.0
9.94,6.96,59.22,2.43,173.46,1.03,217.67,3.23,84.83,1.76,red,Evening,14.33,,0.0
12.23,3.87,160.46,3.23,159.62,2.24,145.94,4.8,47.37,3.26,red,Morning,14.37,,0.0
14.46,5.44,128.38,6.33,251.31,0.72,164.29,5.23,117.0,4.59,red,Midday,27.07,,0.0
9.05,6.87,8.79,0.83,147.71,8.75,192.64,1.87,86.86,2.46,green,Morning,27.43,,60369.2
18.21,10.52,236.54,3.19,2.09,12.77,259.48,7.32,130.97,2.97,yellow,Midday,19.88,8-9,173306.14
13.78,8.65,155.42,1.65,32.74,1.79,131.68,0.4,65.21,4.32,red,Morning,15.37,,154995.91
10.05,3.91,11.45,5.01,63.92,15.18,217.72,5.69,109.75,3.57,green,Morning,25.55,,237795.52
19.69,6.76,134.38,5.57,210.05,4.37,93.31,3.73,105.68,2.93,red,Morning,27.18,7-8,0.0
14.16,4.07,111.84,1.61,103.7,5.59,74.57,1.23,57.36,3.04,red,Midday,31.43,,104194.42
18.13,7.87,132.35,0.79,76.63,2.06,201.2,3.98,77.27,4.57,yellow,Midday,18.04,,130369.36
10.54,6.32,13.45,4.28,105.17,9.37,293.72,2.51,107.42,2.57,yellow,Midday,20.75,,118738.93
18.72,6.9,94.01,4.94,104.01,0.73,262.57,3.62,118.85,2.57,yellow,Evening,17.52,,0.0
14.3,4.63,77.73,0.06,97.8,1.68,132.05,1.87,78.44,4.78,yellow,Midday,23.6,7-8,47019.35
19.19,7.35,153.4,2.02,2.08,11.91,257.23,2.55,70.45,3.77,yellow,Midday,11.11,,294168.31
14.57,1.25,69.72,2.73,113.68,6.37,175.23,3.62,66.35,3.32,red,Midday,15.76,,107831.83
25.0,6.45,460.57,3.34,9.97,1.72,198.53,2.07,59.67,3.27,red,Midday,12.26,,175180.39
16.14,5.77,110.83,0.69,165.69,13.88,126.02,3.02,77.09,3.85,green,Midday,31.18,,71757.59
13.72,3.28,50.77,9.66,344.92,0.07,192.05,3.6,71.49,3.44,yellow,Midday,34.35,5-6,0.0
15.27,10.03,118.84,3.39,115.39,0.62,80.19,2.63,103.44,4.27,green,Midday,17.53,8-9,0.0
7.27,6.64,27.83,2.23,16.85,6.56,133.46,1.5,98.62,3.29,red,Evening,9.63,4-5,179119.87
19.27,8.39,248.61,2.0,61.78,1.78,242.14,4.13,105.84,3.77,green,Morning,18.36,,1619.17
7.8,3.72,76.45,5.93,107.76,4.29,228.89,2.09,71.37,1.84,red,Midday,29.16,,0.0
20.96,3.63,116.07,2.34,34.6,1.37,30.39,2.96,73.66,4.57,red,Midday,15.69,,32882.44
11.48,4.53,52.98,2.81,65.45,1.28,92.77,4.74,94.23,5.51,red,Midday,19.12,,16374.29
21.05,5.68,212.71,6.78,136.49,1.92,92.23,3.5,103.72,5.86,green,Midday,18.89,,0.0
15.49,5.59,55.37,4.85,167.19,0.63,114.98,2.7,82.16,3.49,yellow,Midday,20.14,8-9,0.0
11.37,4.16,94.97,6.4,15.48,1.73,4.18,2.17,78.29,3.26,green,Morning,18.81,,0.0
18.45,9.39,183.54,11.34,145.64,1.31,175.71,2.55,92.13,4.03,yellow,Midday,28.77,,0.0
19.77,8.52,270.66,0.57,339.89,5.88,40.41,2.02,83.99,5.93,green,Midday,14.93,,0.0
18.61,8.41,144.65,3.85,195.33,6.57,152.44,3.84,79.53,3.72,yellow,Midday,27.06,,0.0
7.56,7.92,23.95,5.21,66.42,7.56,151.98,3.52,70.08,3.38,green,Midday,23.07,,24802.36
15.15,4.64,188.47,2.19,225.79,0.12,139.75,5.19,84.9,5.85,green,Midday,16.21,,0.0
21.25,2.88,66.53,4.21,9.11,1.02,233.26,4.41,96.75,1.91,green,Evening,9.54,5-6,109344.55
19.47,4.55,108.01,5.81,65.54,6.17,161.1,2.68,78.66,4.06,red,Midday,22.29,,250120.1
18.59,11.1,364.46,0.57,43.19,1.25,22.77,2.74,80.02,4.22,green,Morning,13.89,7-8,0.0
10.23,7.67,52.77,1.39,223.44,1.62,33.0,1.91,128.19,2.21,red,Midday,12.57,,146923.78
15.57,8.49,247.5,4.65,90.88,2.82,219.61,3.05,79.55,5.18,red,Midday,18.8,,0.0
15.04,7.32,175.57,4.85,82.18,1.8,159.16,0.33,99.59,4.38,green,Midday,24.39,,0.0
17.48,8.19,404.14,9.06,315.32,0.58,149.59,2.6,127.97,3.72,yellow,Midday,18.17,,0.0
1.59,8.38,86.43,6.05,84.21,4.6,175.23,2.76,77.11,2.06,green,Midday,20.38,,256695.54
26.26,4.56,292.46,0.22,49.93,0.69,200.09,2.58,71.84,4.88,yellow,Midday,24.36,,154759.23
8.36,5.8,63.17,6.81,141.72,3.46,12.59,0.01,79.99,3.17,green,Morning,16.76,,0.0
17.85,4.07,187.59,6.17,188.21,2.89,285.76,2.69,93.19,2.49,red,Midday,19.26,,0.0
23.1,9.35,276.22,3.22,75.51,0.89,204.5,4.25,90.92,1.89,yellow,Midday,33.14,5-6,234148.01
17.87,6.45,179.36,3.45,42.5,14.58,118.28,0.73,76.83,3.89,yellow,Midday,17.84,12-13,55663.35
12.42,6.48,41.71,1.36,147.45,4.42,113.27,2.18,103.41,4.36,green,Evening,17.61,7-8,420883.5
10.04,6.08,147.23,0.79,85.95,6.69,108.69,0.47,96.85,3.74,green,Midday,12.11,,163348.61
9.5,7.31,102.94,8.76,210.29,5.62,17.86,4.52,99.0,4.57,green,Midday,12.01,,0.0
20.43,9.75,226.32,0.24,101.35,4.12,108.66,0.32,83.04,3.89,yellow,Midday,25.45,7-8,392679.93
11.18,6.14,88.15,10.05,217.4,4.95,156.87,2.81,84.91,3.05,red,Evening,25.32,5-6,0.0
15.46,5.84,64.11,4.61,54.65,2.78,35.54,5.72,97.54,1.75,red,Midday,12.54,,363595.73
7.93,3.5,104.32,5.9,49.26,5.22,259.37,1.97,84.83,3.47,green,Evening,19.79,,0.0
9.17,6.87,39.1,4.66,308.25,2.45,125.9,2.44,98.23,2.89,yellow,Evening,35.59,,0.0
7.38,7.06,116.57,1.56,60.08,8.68,131.58,3.68,72.99,4.93,green,Midday,15.49,,253668.96
7.51,5.98,74.61,2.1,40.64,10.44,49.81,1.3,64.04,2.16,red,Midday,20.74,,10958.07
11.84,8.93,98.1,3.56,117.71,1.9,193.54,7.1,64.87,1.95,red,Morning,16.32,,0.0
21.5,5.55,94.7,1.59,124.2,1.36,105.34,2.9,108.57,2.48,yellow,Midday,19.24,,140026.09
12.03,5.26,152.28,12.65,87.91,2.19,74.26,5.99,69.17,2.57,yellow,Morning,3.89,8-9,0.0
14.75,2.75,146.17,3.36,50.31,7.13,7.89,2.44,91.67,4.25,green,Midday,11.04,,84325.53
20.6,10.27,368.99,0.52,25.47,6.9,200.54,3.48,70.69,4.03,green,Midday,17.21,,202221.78
9.49,3.81,121.81,8.09,37.66,2.04,190.55,5.07,81.45,4.17,red,Morning,22.08,,0.0
22.53,3.53,110.61,2.13,244.72,2.68,137.95,2.8,104.58,4.37,green,Midday,18.33,5-6,0.0
19.63,7.05,262.54,,299.85,7.43,253.94,3.08,114.04,3.53,yellow,Midday,14.09,,0.0
11.14,5.45,76.02,2.48,85.96,0.04,164.33,1.89,81.82,2.57,red,Midday,27.34,4-5,79423.42
7.78,3.99,133.63,3.36,91.1,6.46,73.19,1.95,98.85,2.34,green,Morning,11.38,10-11,304711.37
14.93,7.88,164.27,7.17,101.78,10.32,149.41,2.49,74.65,1.71,red,Midday,22.7,5-6,358275.38
23.28,12.13,370.65,7.13,103.5,0.1,165.45,2.9,119.7,4.14,green,Midday,38.44,8-9,0.0
15.38,4.95,122.13,0.4,210.34,4.76,100.81,4.02,31.4,2.76,yellow,Midday,21.69,7-8,295258.85
20.47,7.27,239.11,5.21,44.03,0.54,202.53,3.02,101.67,5.37,yellow,Evening,25.38,7-8,70357.88
15.62,5.91,,0.58,77.31,0.23,112.89,0.09,65.65,3.02,red,Morning,19.17,,45786.32
11.1,8.26,85.76,4.32,43.93,2.49,186.35,4.87,96.1,4.04,yellow,Midday,29.3,,0.0
15.84,6.66,274.64,2.94,93.62,1.07,99.97,4.02,83.57,4.35,green,Midday,7.96,,0.0
20.73,8.76,427.56,7.11,297.64,1.11,257.18,1.15,75.23,2.58,yellow,Morning,16.02,,0.0
17.66,8.78,357.63,2.5,41.87,6.13,192.96,2.12,108.43,3.42,green,Midday,18.34,,302827.34
18.73,5.66,221.79,4.26,21.64,1.27,203.35,2.97,138.41,1.62,yellow,Evening,28.73,7-8,0.0
8.87,4.55,13.27,1.9,124.18,4.11,259.62,0.62,84.74,3.91,yellow,Midday,6.62,,150575.47
11.16,7.44,148.11,2.89,156.78,6.75,156.62,5.82,91.66,3.01,yellow,Midday,9.38,,331008.28
12.83,9.38,92.6,2.44,69.51,4.15,187.35,6.65,82.31,3.61,red,Midday,24.93,7-8,53214.84
18.91,6.24,163.85,8.84,209.24,3.22,156.98,2.8,122.07,3.1,yellow,Midday,25.82,,0.0
4.39,6.89,43.43,2.6,14.57,1.04,171.49,4.39,75.47,4.36,yellow,Midday,17.06,8-9,90741.1
16.04,8.43,144.29,4.88,108.54,6.12,175.51,4.04,98.19,3.82,green,Midday,32.22,,204730.01
14.11,5.72,155.17,2.57,190.56,5.36,141.68,0.89,81.61,2.3,green,Midday,26.72,4-5,499717.02
19.82,8.04,206.91,4.66,154.66,1.4,111.87,0.78,67.65,5.11,red,Midday,13.69,,268595.58
6.55,10.54,14.14,4.21,179.07,0.68,205.54,4.96,84.6,5.28,red,Midday,22.76,5-6,0.0
5.09,7.35,30.26,9.89,329.09,4.03,130.91,7.73,59.15,3.11,red,Midday,19.22,7-8,0.0
13.59,6.99,54.56,7.59,150.67,3.63,152.71,3.26,133.77,5.26,green,Morning,25.69,,0.0
17.46,2.23,108.98,3.2,60.44,3.61,250.36,9.21,70.34,3.39,red,Midday,28.9,4-5,0.0
19.21,5.54,61.57,0.85,259.37,3.74,125.86,3.94,68.2,3.71,red,Midday,13.64,8-9,0.0
11.17,6.25,77.58,4.79,3.58,7.78,191.69,3.39,93.57,3.25,red,Midday,17.8,8-9,45816.13
17.83,4.19,149.55,6.19,97.85,10.84,217.98,3.93,86.21,2.49,yellow,Midday,39.47,,93789.91
24.97,7.73,464.13,5.24,112.33,0.63,199.04,5.5,80.39,4.6,yellow,Evening,27.06,7-8,0.0
5.39,9.49,78.28,3.9,72.56,7.65,202.87,0.14,79.73,2.49,green,Midday,19.77,,190009.3
2.26,7.83,27.96,2.55,0.04,8.86,203.77,3.91,84.05,4.0,red,Evening,12.13,,146854.93
22.2,5.06,267.89,6.99,163.17,9.26,139.6,4.52,110.91,4.55,green,Midday,19.1,7-8,0.0
16.31,6.56,266.85,0.94,153.42,1.7,110.52,0.25,85.42,2.56,yellow,Morning,4.61,5-6,62505.04
23.94,5.3,211.66,4.61,180.01,1.64,129.0,1.1,112.53,3.37,green,Midday,19.78,,0.0
15.47,6.28,145.48,3.63,116.77,1.06,131.17,3.33,79.76,4.45,red,Midday,19.81,,325536.2
30.34,7.59,571.92,4.53,108.82,2.28,198.35,5.44,83.14,2.0,yellow,Midday,8.99,8-9,0.0
13.84,7.28,184.23,0.34,172.64,0.47,142.67,2.64,105.0,2.38,red,Morning,13.82,7-8,315234.01
8.65,5.22,34.73,0.82,55.29,1.95,119.14,3.14,73.86,2.79,green,Midday,24.89,,1602.08
17.92,7.31,222.79,6.28,44.61,8.44,170.6,2.43,91.38,3.68,yellow,Midday,4.11,,126436.01
25.36,7.56,128.83,5.33,234.31,6.55,157.99,2.24,117.58,4.59,green,Midday,8.31,7-8,0.0
22.24,7.25,463.79,9.36,135.9,4.86,163.39,5.02,106.96,2.94,red,Midday,20.26,,0.0
14.63,8.52,290.99,9.72,171.85,6.89,253.92,8.21,134.24,4.55,red,Morning,18.18,,0.0
12.38,0.79,133.66,5.08,235.32,9.71,12.35,3.49,75.06,5.85,green,Midday,26.56,,0.0
17.05,8.18,255.34,11.09,70.85,2.65,137.96,5.62,125.63,4.4,red,Evening,23.43,10-11,0.0
20.97,6.38,107.49,5.84,10.07,6.24,174.86,2.13,80.61,3.1,red,Midday,24.91,,69768.77
21.33,8.99,278.68,5.41,246.15,6.48,244.4,5.32,81.24,2.67,red,Midday,18.12,,0.0
10.71,4.22,113.25,2.05,39.86,9.67,73.79,0.96,101.07,4.18,red,Morning,20.49,,3286.27
18.45,7.42,163.13,6.62,372.37,2.43,148.01,4.52,103.43,2.03,yellow,Midday,24.79,12-13,0.0
12.62,5.05,132.33,3.88,385.53,3.53,11.66,4.39,109.66,6.19,green,Midday,19.7,,0.0
12.97,6.61,135.23,6.11,169.4,2.55,33.01,2.97,108.45,4.87,green,Morning,23.17,12-13,0.0
18.85,6.49,98.97,3.72,126.83,2.2,94.93,2.27,83.12,2.33,red,Midday,25.6,8-9,13629.89
13.69,9.81,159.67,0.61,64.96,0.28,22.11,5.15,63.78,3.97,yellow,Evening,5.12,,74301.72
12.42,10.73,175.32,4.82,21.77,4.36,52.48,2.89,104.71,4.1,yellow,Morning,17.88,5-6,115703.94
16.05,7.08,157.52,3.72,3.37,3.24,148.7,0.37,93.59,4.98,red,Midday,18.93,,58493.29
20.95,8.32,299.1,3.1,288.85,5.27,139.36,3.12,68.2,4.57,green,Midday,12.26,8-9,0.0
17.14,7.4,288.42,7.26,84.34,3.86,106.09,6.21,97.53,3.81,red,Midday,18.96,,0.0
13.34,5.35,89.04,6.15,85.47,1.02,88.33,0.84,95.27,5.87,green,Midday,18.02,,0.0
9.82,5.58,99.22,8.94,323.37,1.16,132.43,5.24,93.88,1.83,yellow,Midday,11.11,,0.0
14.47,6.51,112.73,7.32,242.73,2.84,182.91,2.27,109.75,4.96,green,Midday,21.88,,0.0
2.45,8.86,48.55,0.18,166.67,2.56,31.75,2.88,86.98,3.37,red,Midday,22.1,,223531.66
9.83,5.66,28.87,0.24,14.85,4.16,133.33,5.2,73.88,3.96,,Midday,25.55,10-11,183327.38
20.58,10.04,239.45,1.12,86.56,10.21,166.22,2.24,85.15,4.31,red,Midday,31.44,,47563.05
17.21,6.5,78.89,5.26,130.37,0.28,171.64,4.63,88.75,3.34,red,Midday,24.56,,0.0
16.23,7.36,92.32,4.96,92.07,3.34,319.07,1.14,89.0,2.42,yellow,Midday,25.44,,0.0
24.2,9.36,554.04,9.23,189.16,7.03,74.51,6.51,108.07,3.55,red,Midday,19.32,,0.0
11.28,7.53,27.83,3.23,112.05,11.59,201.01,0.89,92.3,5.93,yellow,Midday,19.61,,146806.65
16.61,9.45,195.91,5.35,86.38,2.24,299.46,3.8,78.64,1.66,yellow,Morning,18.6,5-6,0.0
17.64,7.62,355.15,5.9,286.5,1.37,153.45,6.59,106.85,2.04,yellow,Morning,18.94,,0.0
4.54,8.52,63.41,5.29,59.26,7.16,189.12,1.87,79.47,3.66,green,Morning,24.35,,282098.99
11.4,7.89,95.45,3.84,86.3,5.39,90.27,1.8,105.34,1.71,red,Midday,19.82,,96953.19
13.6,10.47,111.41,4.28,173.74,4.42,155.45,0.59,105.11,4.61,red,Morning,13.59,7-8,0.0
11.52,6.44,231.55,3.96,150.43,3.78,219.24,2.1,118.06,3.84,yellow,Morning,14.85,,0.0
16.24,4.88,89.76,0.58,127.66,2.27,257.05,1.88,73.37,4.13,yellow,Morning,17.93,,270447.13
4.82,5.14,38.74,0.4,12.7,4.59,166.86,1.09,143.79,2.87,green,Midday,14.83,5-6,32951.11
17.95,5.26,114.63,3.32,93.79,5.37,33.08,1.61,63.79,1.58,green,Midday,16.1,,275582.76
10.63,6.9,104.87,3.11,251.07,3.1,75.91,1.52,91.72,3.63,yellow,Evening,21.1,,337200.82
18.97,8.49,267.04,10.63,228.97,4.13,124.28,3.78,76.03,2.57,yellow,Midday,16.34,,0.0
13.62,6.29,155.45,2.1,159.65,3.94,152.69,0.02,91.73,1.25,red,Morning,17.83,8-9,99303.65
15.35,5.61,88.2,3.26,13.96,7.31,144.88,0.84,74.74,3.5,red,Midday,9.82,,152227.81
17.42,11.31,384.89,5.39,74.55,4.12,131.32,3.86,86.72,3.22,yellow,Evening,12.39,,161423.83
21.37,6.74,294.52,7.86,145.55,1.38,134.55,3.74,62.25,4.76,yellow,Midday,25.83,8-9,0.0
20.71,8.98,217.06,10.17,129.29,0.84,182.49,4.08,104.31,3.66,yellow,Midday,22.74,7-8,0.0
16.49,6.21,99.5,8.87,227.12,10.41,110.38,5.35,89.44,3.14,yellow,Midday,15.4,,0.0
12.38,6.89,226.3,12.87,288.97,3.85,230.98,4.63,126.09,3.41,yellow,Evening,29.56,,0.0
16.87,2.82,106.43,0.67,120.02,11.57,40.89,2.32,74.8,3.43,yellow,Midday,11.94,,407800.04
24.5,9.26,478.86,1.66,339.15,1.28,194.06,6.69,127.19,3.64,red,Morning,22.83,,0.0
8.62,7.15,5.4,1.06,50.74,9.81,2.78,4.26,76.63,4.61,yellow,Morning,20.78,,116219.31
13.62,6.86,238.47,4.41,128.63,7.02,124.01,6.12,87.53,3.7,green,Midday,18.95,7-8,0.0
10.21,7.67,116.63,3.23,75.0,0.15,105.08,2.54,88.87,2.11,yellow,Midday,19.54,,32644.26
24.64,6.66,226.76,1.78,54.0,8.98,67.67,1.31,111.22,4.16,red,Midday,21.03,10-11,174322.9
32.25,8.61,869.97,5.44,203.22,1.19,69.93,3.22,64.61,6.84,green,Midday,30.25,,0.0
12.55,6.69,192.46,4.29,122.84,8.85,172.64,5.21,63.66,4.36,yellow,Midday,20.54,8-9,527639.86
10.58,5.39,140.46,8.3,239.15,6.99,101.83,2.57,91.17,3.82,red,Midday,15.59,,0.0
20.86,8.99,263.59,6.3,181.22,2.76,114.35,3.91,75.76,4.64,green,Midday,20.96,,0.0
16.38,9.0,107.32,4.0,101.43,5.86,212.14,7.58,103.42,4.34,red,Midday,17.11,,466855.95
12.56,7.56,184.05,1.6,9.65,3.6,167.75,0.41,47.67,3.26,red,Midday,25.53,,19435.91
24.95,4.96,253.01,6.35,32.83,8.81,43.64,1.31,38.04,4.45,red,Midday,6.37,,54397.11
17.17,5.62,94.47,6.43,245.06,3.58,192.48,3.07,78.25,4.68,green,Morning,15.21,,0.0
6.21,5.35,79.33,1.1,149.52,6.62,205.99,3.2,89.32,4.65,yellow,Midday,30.51,,221274.09
17.16,9.91,268.62,8.1,109.0,8.32,162.42,2.03,93.75,4.65,green,Midday,22.83,,0.0
1.81,6.9,61.1,1.23,89.65,13.11,16.47,0.48,82.37,3.9,yellow,Evening,16.21,4-5,102651.82
19.31,10.09,215.91,3.81,101.01,3.28,37.26,1.6,85.7,3.2,red,Midday,29.63,,165198.85
11.93,5.87,123.69,1.91,69.2,0.47,93.15,2.62,67.02,3.72,green,Morning,7.06,,108432.79
13.23,8.71,104.9,8.09,241.33,4.12,39.71,3.45,76.7,5.3,green,Midday,12.71,,0.0
26.55,7.28,267.0,8.24,161.92,3.24,49.59,0.13,95.29,5.14,green,Midday,14.09,,0.0
9.73,2.96,8.11,2.45,23.41,3.37,145.43,1.89,79.5,4.47,red,Morning,17.26,,22388.6
15.17,10.38,116.32,3.22,70.72,6.93,48.54,3.76,99.14,4.35,green,Evening,18.85,5-6,0.0
31.91,6.12,412.31,3.85,372.74,3.79,166.96,5.27,80.69,3.86,yellow,Midday,18.0,,0.0
12.96,5.02,29.03,2.21,81.05,11.55,95.72,3.7,97.58,4.24,red,Midday,20.33,5-6,124012.84
25.57,4.86,231.38,3.39,136.49,4.79,11.4,4.0,75.75,2.75,red,Evening,15.97,,34885.57
13.11,2.91,228.0,8.94,190.79,1.31,265.02,3.98,81.05,3.85,yellow,Morning,17.81,,0.0
25.03,6.71,255.06,0.49,23.22,3.3,28.91,1.43,84.02,2.7,red,Midday,20.0,,35449.13
11.73,5.19,88.71,0.05,49.23,3.48,154.28,2.47,100.39,3.42,red,Morning,29.82,8-9,265485.33
20.59,7.22,263.35,3.59,283.05,1.69,203.0,2.08,90.38,2.73,yellow,Evening,34.17,5-6,0.0
16.84,4.98,84.7,4.04,82.78,2.63,59.67,4.67,110.59,3.21,green,Midday,18.96,,128483.8
12.44,8.42,201.61,4.28,152.33,1.95,62.58,5.01,67.75,5.32,green,Midday,16.7,4-5,0.0
23.77,2.21,94.16,2.19,181.7,0.8,206.23,0.15,124.3,4.68,yellow,Evening,22.79,,0.0
6.37,9.55,13.19,1.7,158.84,5.02,41.02,0.53,85.6,2.44,yellow,Midday,22.44,5-6,173134.87
13.39,7.89,41.61,1.9,102.76,8.5,146.31,1.04,88.6,3.59,green,Morning,15.18,7-8,108056.97
11.97,9.12,269.97,10.11,198.37,4.34,189.77,4.0,55.04,5.57,green,Midday,21.88,,0.0
18.39,7.41,198.14,2.48,2.79,5.3,120.99,2.33,64.47,3.85,yellow,Midday,24.41,,57521.16
23.25,6.11,145.45,8.9,130.04,0.26,73.8,1.85,88.29,3.2,green,Morning,22.3,12-13,0.0
26.75,6.55,744.03,6.88,110.07,0.09,135.05,2.46,103.23,3.16,yellow,Midday,15.54,,0.0
15.0,10.7,205.69,5.54,99.19,5.05,284.07,0.31,111.66,2.35,yellow,Evening,31.71,10-11,25095.51
23.65,5.91,133.36,5.37,218.31,4.04,267.43,6.55,90.68,4.22,yellow,Morning,12.71,,0.0
7.53,7.94,55.33,5.72,250.64,1.02,203.42,5.83,100.49,4.13,red,Midday,13.41,,0.0
26.64,10.3,317.84,5.28,238.13,3.06,162.15,4.23,60.43,2.86,red,Midday,33.81,5-6,0.0
11.04,4.79,49.71,6.92,12.91,0.81,246.7,0.1,100.55,3.39,green,Midday,31.09,,192601.62
7.53,4.02,10.02,1.58,9.89,13.88,63.71,4.09,96.93,3.92,yellow,Evening,6.56,4-5,37962.29
14.33,6.88,61.18,1.97,219.11,1.87,109.88,9.36,61.76,4.9,yellow,Midday,16.47,,286550.82
19.65,9.34,289.28,1.78,176.65,4.36,74.99,0.18,106.72,2.63,red,Midday,3.13,7-8,134756.79
12.77,4.38,65.08,6.62,180.89,8.91,136.07,1.64,74.46,3.25,yellow,Midday,11.75,,0.0
22.44,5.24,188.63,2.92,55.96,1.35,295.13,3.87,81.26,3.79,yellow,Midday,25.54,,33371.12
11.33,3.03,171.32,4.73,175.96,0.98,256.41,5.26,121.18,3.16,red,Midday,11.18,,0.0
21.98,4.86,190.32,5.22,47.44,8.5,135.46,4.08,99.78,2.8,red,Midday,28.66,,404120.64
7.35,5.21,146.06,5.9,148.85,3.34,233.07,0.54,97.2,2.68,red,Morning,18.62,,0.0
4.96,6.89,29.38,2.09,36.61,0.75,47.02,0.06,51.45,3.62,green,Evening,23.34,,20841.79
6.86,8.69,100.41,1.64,,5.35,160.52,0.34,108.32,6.23,yellow,Morning,14.9,7-8,204053.23
11.38,6.25,98.27,0.98,139.62,5.32,122.61,1.94,81.99,3.46,green,Morning,22.91,10-11,292057.59
20.27,7.9,178.81,2.58,117.11,3.78,18.12,3.28,70.0,3.14,red,Midday,21.56,,243747.51
34.27,6.03,385.07,5.25,334.38,8.4,214.56,2.63,99.03,4.62,yellow,Midday,26.28,,0.0
16.99,4.51,261.37,3.82,0.13,4.2,13.73,7.55,89.84,2.0,red,Midday,14.48,10-11,0.0
6.75,6.63,19.69,1.68,56.07,5.92,108.18,0.12,82.84,3.36,yellow,Morning,24.51,,22819.09
14.97,6.78,63.95,2.11,109.31,8.81,98.48,0.95,94.28,2.37,green,Midday,5.71,,226061.86
19.6,6.5,222.4,8.36,43.74,1.57,157.8,2.13,96.42,4.72,green,Midday,24.58,5-6,0.0
9.8,8.07,13.14,1.95,50.23,3.43,6.88,3.58,107.08,2.71,green,Midday,22.69,10-11,11972.42
15.92,6.82,66.9,7.47,74.18,5.9,270.62,6.4,74.28,3.61,red,Midday,9.61,5-6,0.0
22.7,6.95,196.66,2.96,99.29,2.75,127.3,2.33,103.88,5.01,green,Midday,12.28,,341961.45
12.49,7.76,22.66,4.71,236.16,1.92,234.18,3.99,109.28,3.08,red,Midday,24.1,7-8,0.0
14.32,9.21,223.92,4.46,22.12,2.59,198.49,5.22,80.06,3.32,red,Midday,24.06,,0.0
20.57,9.9,187.92,6.11,88.43,8.13,267.89,4.91,54.93,5.11,red,Midday,17.9,4-5,0.0
13.72,5.64,208.46,10.14,148.12,3.76,245.33,4.75,66.09,2.3,yellow,Morning,26.28,,0.0
10.36,9.33,78.95,2.37,89.8,3.35,194.05,2.27,80.4,2.5,red,Midday,33.39,8-9,191706.51
17.18,4.16,181.17,5.43,318.87,2.01,213.82,2.62,73.9,4.77,green,Morning,21.22,4-5,0.0
12.74,9.71,154.48,2.5,50.69,4.92,96.79,4.2,93.53,3.71,green,Morning,24.11,5-6,152761.12
24.52,4.8,349.85,7.65,75.48,4.79,154.81,6.45,54.69,3.26,red,Midday,22.19,7-8,0.0
1.51,1.32,28.18,4.63,54.16,8.11,176.13,1.24,78.97,4.58,red,Morning,26.28,8-9,131343.63
8.32,4.19,133.2,0.13,63.31,3.27,173.05,1.45,66.21,2.65,yellow,Midday,5.76,5-6,5481.43
22.07,5.67,406.29,4.25,328.07,3.32,111.48,6.05,85.78,3.31,red,Evening,18.02,,0.0
17.48,3.55,173.58,0.82,81.84,2.4,173.53,1.72,104.01,4.41,red,Morning,18.63,5-6,36784.78
1.24,8.08,77.98,1.9,214.65,9.05,151.94,3.26,101.01,2.11,red,Morning,28.27,,479199.65
13.23,3.51,167.61,2.68,191.22,2.45,191.2,7.45,94.25,4.42,red,Morning,28.4,,0.0
15.19,7.49,121.31,1.17,55.56,1.4,32.94,2.87,121.16,0.85,green,Midday,20.27,,107120.24
17.77,8.26,312.66,4.99,256.98,0.1,186.76,3.18,84.68,4.55,green,Midday,18.66,,0.0
18.14,4.71,269.76,2.41,56.24,3.18,292.23,4.02,76.96,4.44,red,Midday,19.38,8-9,0.0
13.38,4.45,47.56,1.96,46.69,0.45,24.92,4.57,91.59,2.16,red,Midday,17.6,,4026.35
12.49,6.32,167.46,9.45,214.15,7.39,236.77,6.64,86.48,3.41,red,Midday,26.55,,0.0
15.5,5.52,232.81,3.5,59.31,2.37,31.75,1.01,105.52,5.9,green,Midday,22.35,4-5,0.0
21.71,5.72,228.75,0.39,249.71,4.34,149.73,2.4,77.44,3.89,red,Evening,19.24,10-11,0.0
6.88,6.59,24.41,1.32,117.03,9.4,129.95,2.07,131.98,2.07,yellow,Midday,19.85,,61190.54
13.56,6.57,181.03,2.73,49.33,2.8,172.61,2.81,86.52,3.55,red,Midday,15.4,,100678.1
0.36,5.44,13.26,2.47,35.47,5.79,142.59,0.37,84.48,4.51,green,Midday,11.36,4-5,260406.0
15.32,8.38,98.27,1.83,55.72,1.88,155.7,0.56,89.41,1.97,green,Midday,24.6,,248417.88
6.16,9.86,26.56,3.16,20.54,3.16,56.03,1.99,71.92,4.8,red,Evening,20.69,,30091.89
16.1,6.88,320.25,6.06,53.69,2.91,125.32,7.27,68.21,4.58,red,Morning,13.83,,0.0
13.64,7.32,39.53,7.33,98.45,2.99,107.41,3.27,77.58,4.48,yellow,Morning,21.83,,0.0
21.62,6.47,208.88,7.72,107.99,1.8,7.31,3.34,91.89,5.46,green,Evening,21.69,,0.0
11.02,4.79,37.33,0.89,18.2,10.08,15.06,4.3,63.51,3.06,red,Morning,19.57,,43935.08
13.51,8.62,107.66,8.34,176.88,2.65,67.11,3.01,91.58,3.91,green,Evening,23.26,,0.0
13.03,7.21,168.69,5.31,46.31,3.33,272.48,1.93,52.92,3.32,green,Midday,23.8,8-9,194658.28
3.65,6.41,44.02,0.55,296.34,8.34,10.58,1.68,75.68,4.73,green,Evening,12.45,,0.0
20.98,8.16,180.71,4.34,21.98,2.48,113.51,1.37,74.77,4.75,green,Midday,22.26,7-8,0.0
24.83,6.03,168.09,8.82,56.73,2.64,173.78,4.28,67.11,3.76,red,Midday,22.36,,0.0
12.24,4.29,58.68,5.4,34.44,14.62,122.98,1.73,71.73,3.36,green,Midday,17.46,,145499.51
8.56,7.49,50.09,4.65,4.42,1.71,26.24,1.53,54.42,2.78,yellow,Midday,5.54,,11563.14
25.15,9.52,355.19,4.88,139.4,4.95,174.54,5.43,87.3,3.57,red,Midday,18.6,,0.0
6.6,3.27,96.06,1.32,116.57,3.18,3.34,2.44,86.1,1.31,yellow,Midday,19.29,,69654.22
5.55,9.17,43.0,1.19,65.18,0.78,76.65,3.82,89.07,2.95,green,Midday,18.72,10-11,156587.03
25.26,6.42,299.81,7.3,133.15,2.17,57.62,4.98,87.72,3.22,yellow,Midday,18.88,12-13,0.0
19.9,7.3,193.91,8.42,119.8,3.09,302.86,1.97,100.18,2.6,red,Morning,20.45,,0.0
6.56,5.82,90.84,3.79,21.17,1.12,37.36,4.6,83.3,4.19,red,Midday,29.71,,33753.37
19.85,6.53,272.47,4.56,270.75,2.51,262.52,2.59,96.12,3.35,red,Midday,15.58,,0.0
8.56,6.15,36.01,8.41,219.38,4.01,141.01,7.77,92.55,3.09,red,Evening,17.46,7-8,0.0
22.35,5.37,323.58,0.67,120.03,2.71,160.83,,89.69,4.12,yellow,Midday,19.92,8-9,283452.54
6.69,5.77,35.27,5.51,191.69,2.08,245.07,3.91,96.77,4.78,yellow,Midday,16.35,10-11,0.0
15.17,6.35,241.63,3.76,16.4,9.93,37.0,3.45,104.78,3.27,green,Midday,26.14,,27102.26
14.83,4.75,129.04,6.57,130.56,1.81,450.29,4.29,74.99,2.76,red,Evening,33.72,,0.0
23.74,6.99,296.66,5.6,48.95,0.26,25.97,2.87,61.1,3.23,yellow,Midday,18.24,,128767.92
9.55,8.32,0.56,1.64,93.78,10.28,131.85,2.41,48.74,3.49,green,Midday,18.49,8-9,25166.72
25.2,10.26,553.71,8.53,198.94,9.42,222.32,1.04,134.4,2.98,red,Midday,31.72,,0.0
4.03,6.11,22.59,6.1,158.62,2.41,187.36,2.91,82.83,3.74,yellow,Midday,25.28,,0.0
22.99,2.7,173.17,9.29,179.56,1.4,135.71,2.74,77.11,3.75,yellow,Morning,16.61,,0.0
12.09,9.28,297.38,5.66,98.51,2.4,106.52,3.93,74.71,5.57,yellow,Midday,31.76,8-9,0.0
23.36,6.17,255.41,4.57,26.82,9.83,270.04,3.73,96.45,3.35,red,Midday,9.52,,236902.5
12.56,6.87,142.11,0.02,94.18,3.27,10.11,6.31,85.19,2.89,yellow,Evening,31.12,,104196.75
17.3,6.55,246.17,8.5,233.83,2.5,122.39,2.9,110.17,2.83,green,Midday,1.18,,0.0
8.66,5.03,16.18,9.31,163.5,0.07,180.75,3.69,111.0,4.13,yellow,Morning,24.65,,0.0
13.68,11.97,306.73,7.3,110.57,5.57,160.05,4.69,99.03,3.66,red,Midday,19.02,,0.0
22.55,8.25,175.17,8.65,61.08,1.55,150.29,3.93,96.43,3.45,red,Midday,15.07,,0.0
8.22,6.77,184.44,0.67,13.57,5.06,203.19,2.11,73.55,3.62,green,Evening,12.51,7-8,93840.71
13.45,9.71,187.81,3.27,218.89,1.88,127.8,3.39,61.95,2.67,green,Morning,26.87,,147388.89
20.71,1.34,136.62,6.72,194.92,3.64,137.0,3.59,115.96,5.25,green,Morning,18.61,8-9,0.0
15.93,7.76,309.48,6.64,168.11,0.53,212.9,3.69,91.59,4.1,yellow,Midday,26.88,8-9,0.0
16.18,13.29,191.13,2.79,170.17,1.37,79.93,4.72,92.79,2.37,yellow,Morning,13.25,,0.0
14.25,2.59,143.92,9.52,19.54,2.34,74.65,0.29,93.17,5.84,green,Midday,19.88,8-9,0.0
3.43,3.71,45.74,4.18,168.24,3.09,295.28,7.81,113.54,2.96,red,Midday,31.67,,0.0
26.1,3.89,326.89,9.16,131.85,3.1,199.36,7.46,85.53,2.58,red,Morning,20.4,5-6,0.0
8.87,6.97,99.18,1.71,89.93,2.22,86.93,1.89,84.91,3.89,green,Midday,23.38,12-13,239391.28
21.67,5.46,269.41,0.89,105.85,9.0,50.87,3.88,71.72,4.36,yellow,Midday,21.45,7-8,175095.17
7.64,4.05,62.78,0.18,148.44,8.05,30.79,2.09,103.19,2.53,green,Evening,16.61,4-5,172081.9
28.67,6.07,424.0,7.4,216.72,1.92,225.24,6.86,87.95,4.06,red,Evening,17.3,10-11,0.0
11.12,5.61,39.25,3.33,17.81,12.88,252.75,6.23,80.87,4.9,yellow,Midday,18.19,8-9,246464.28
16.5,3.91,117.29,2.46,125.4,1.09,75.1,5.35,75.35,3.98,green,Midday,12.68,10-11,0.0
22.94,8.53,211.06,12.1,216.65,8.18,34.32,1.52,122.05,3.56,green,Morning,20.48,,0.0
14.43,4.83,154.21,7.29,141.85,2.33,288.79,4.65,117.95,3.63,red,Evening,35.27,,0.0
13.38,7.93,155.06,2.17,156.87,2.59,295.53,3.91,116.86,1.96,red,Midday,17.44,5-6,0.0
12.52,5.17,57.03,4.86,84.85,4.05,92.64,3.57,158.3,6.14,green,Morning,20.9,10-11,0.0
22.63,12.29,325.49,4.67,175.64,0.49,143.07,1.88,70.34,3.95,yellow,Morning,26.22,7-8,0.0
8.3,5.64,26.75,5.37,28.08,2.26,201.92,5.03,88.32,4.18,red,Midday,18.23,,271308.52
19.11,5.33,171.49,2.19,100.96,10.56,79.78,2.37,89.69,4.34,yellow,Evening,11.62,,99986.74
4.9,8.77,82.65,3.7,170.27,1.39,145.26,3.64,100.83,4.56,red,Morning,19.42,4-5,0.0
17.29,8.41,139.4,5.25,227.71,1.99,142.54,0.44,95.07,2.35,green,Evening,18.88,,0.0
10.54,7.96,27.78,2.43,89.46,1.0,164.8,2.13,90.01,3.96,yellow,Morning,12.01,,231300.13
16.13,5.11,125.76,0.53,255.05,3.66,23.66,4.58,81.02,4.24,green,Midday,11.59,7-8,0.0
6.05,10.77,104.61,0.06,66.29,3.8,55.54,6.19,66.53,4.62,red,Evening,9.26,,361716.31
21.99,5.28,258.11,3.54,26.56,1.22,66.24,4.2,82.44,4.9,red,Morning,14.56,,95709.36
11.9,5.81,164.72,8.14,96.59,4.53,36.35,0.85,97.54,2.4,yellow,Midday,17.4,5-6,128209.16
18.36,6.74,259.72,4.08,115.0,10.08,81.65,2.06,68.55,3.75,green,Midday,3.17,8-9,0.0
12.6,6.62,140.14,11.29,91.38,3.6,176.6,4.16,87.19,1.46,red,Morning,16.31,,0.0
8.94,8.28,14.02,6.56,78.91,1.14,184.77,3.11,94.24,3.32,yellow,Midday,24.41,,0.0
15.5,7.56,142.71,7.57,66.65,2.62,93.13,2.62,82.1,2.72,yellow,Midday,14.63,,0.0
32.0,10.04,801.15,2.65,28.87,8.79,105.2,1.89,103.28,3.49,yellow,Midday,17.84,,108132.6
9.35,5.87,79.99,4.01,28.84,7.71,65.69,3.28,78.59,4.89,yellow,Midday,24.7,,130522.15
16.34,4.22,64.94,5.62,193.49,1.1,141.5,1.75,88.87,3.11,red,Evening,0.84,8-9,0.0
9.64,6.11,224.19,8.85,183.14,4.0,182.09,4.66,108.9,3.24,yellow,Evening,18.4,,0.0
16.39,8.67,213.51,7.05,232.95,0.16,186.43,2.28,89.2,4.42,green,Midday,25.27,,0.0
20.87,7.68,240.76,9.63,124.22,1.76,32.33,7.42,100.43,4.87,red,Evening,16.26,5-6,0.0
17.04,11.7,402.73,6.95,65.23,3.76,137.02,2.2,68.48,3.5,green,Evening,11.92,,0.0
16.84,5.85,117.46,8.1,80.86,6.1,11.68,4.06,82.82,1.13,yellow,Midday,12.45,,88820.57
11.53,7.65,103.67,8.6,56.49,4.46,273.21,2.82,131.66,2.47,red,Morning,20.94,,0.0
14.11,5.03,139.44,3.44,32.02,8.28,97.86,1.2,75.08,3.48,yellow,Morning,18.73,,164427.72
14.82,7.97,159.97,3.88,95.77,14.25,172.32,1.35,106.03,2.75,green,Midday,23.89,8-9,111823.9
22.28,2.62,261.54,2.87,197.53,2.72,93.19,5.36,98.52,3.41,yellow,Morning,15.23,,0.0
13.23,6.68,99.18,7.03,150.75,6.63,261.56,4.26,91.3,4.31,red,Morning,28.95,12-13,0.0
17.59,7.95,174.65,1.76,96.41,10.51,93.17,0.82,103.6,2.92,yellow,Midday,16.69,,138597.94
15.32,3.88,144.45,4.17,62.56,2.97,248.52,6.09,88.25,3.68,red,Midday,17.45,,0.0
7.37,6.62,97.73,0.97,122.29,13.01,296.4,2.77,80.27,3.3,green,Midday,17.74,,350958.19
18.15,4.02,76.13,5.34,72.91,1.4,144.51,2.03,101.11,1.3,red,Midday,17.46,,0.0
17.24,10.87,524.44,8.57,306.62,3.18,99.7,2.33,106.69,3.42,green,Midday,21.32,,0.0
17.97,7.32,175.11,1.62,314.43,4.32,65.61,2.55,111.59,3.64,green,Evening,9.81,,0.0
23.39,5.26,167.26,6.36,151.23,1.82,227.68,7.02,89.86,4.74,red,Morning,29.21,7-8,0.0
21.89,4.58,190.39,5.08,0.2,0.65,269.26,2.08,82.67,4.6,green,Evening,25.18,5-6,45670.72
15.55,9.76,225.34,6.06,259.18,0.95,185.15,6.04,114.02,2.99,yellow,Midday,21.57,,0.0
14.68,7.58,204.33,0.82,65.51,6.86,78.53,1.31,108.88,3.92,red,Evening,14.19,,109399.96
29.03,2.93,372.22,2.44,173.4,4.09,52.26,2.25,68.14,5.67,green,Evening,23.47,,0.0
14.28,7.32,259.99,5.4,155.27,3.87,139.84,4.69,103.16,3.29,yellow,Evening,18.8,8-9,0.0
23.24,7.75,194.67,0.18,141.38,6.1,91.26,6.8,130.29,3.9,green,Morning,6.63,,0.0
20.36,3.83,278.47,8.39,55.4,1.9,230.01,6.11,97.02,3.63,red,Midday,25.34,,0.0
16.97,5.11,114.47,4.57,54.2,5.29,22.05,2.63,72.5,4.66,yellow,Evening,19.76,,166366.19
9.27,6.19,44.69,5.9,18.88,3.63,95.1,3.73,92.46,2.63,yellow,Morning,22.08,,92176.06
21.25,4.01,210.15,3.01,160.19,4.57,141.95,3.17,61.61,3.22,yellow,Midday,16.46,5-6,206612.13
17.13,10.23,392.6,10.26,47.4,0.93,190.89,3.57,95.45,4.04,yellow,Midday,27.21,,0.0
15.8,4.75,126.84,4.74,203.85,3.01,60.4,3.35,116.4,4.96,green,Morning,23.39,,0.0
3.44,6.67,28.44,3.52,190.75,4.64,44.57,5.63,89.63,4.02,green,Midday,7.73,,0.0
10.93,5.77,72.13,0.0,46.85,8.89,94.37,0.65,84.29,1.48,red,Midday,19.49,,59368.33
16.57,6.68,174.32,4.13,164.55,2.52,164.93,4.6,83.0,3.15,red,Midday,24.23,5-6,0.0
23.79,5.96,213.3,6.06,24.84,0.33,100.96,3.55,74.25,3.21,green,Midday,14.84,,0.0
23.96,6.72,264.87,4.81,130.16,5.61,73.58,3.68,129.68,7.28,green,Morning,12.76,,0.0
10.49,7.42,25.54,3.68,83.43,1.48,127.53,4.36,91.41,3.45,yellow,Midday,17.13,,0.0
11.57,3.3,175.88,0.59,7.44,2.43,141.24,2.84,103.35,3.97,green,Midday,23.24,,113208.16
7.05,6.2,165.05,4.65,107.45,4.7,127.82,5.34,108.66,1.99,yellow,Midday,22.81,,0.0
20.39,6.83,202.1,7.4,101.1,2.55,150.15,2.11,95.75,3.77,green,Morning,17.36,,0.0
18.39,6.0,214.43,1.44,133.28,8.23,158.0,1.66,99.8,2.6,yellow,Midday,17.18,12-13,96718.99
4.98,7.95,135.49,6.32,105.95,2.36,64.18,2.45,94.74,4.17,yellow,Morning,22.0,,326175.23
22.24,9.53,476.26,3.5,114.45,6.53,31.49,0.79,101.71,3.22,red,Midday,16.7,,246397.36
16.36,5.99,150.82,2.2,239.17,2.94,28.73,0.52,102.01,2.6,green,Midday,18.28,,228654.16
20.75,7.77,272.38,8.5,26.46,5.55,166.53,4.92,112.87,4.07,red,Midday,21.09,,0.0
22.51,6.62,231.35,3.04,205.2,0.79,7.64,0.12,75.97,3.18,red,Midday,17.61,10-11,378516.49
20.15,4.1,198.06,0.86,27.28,1.97,184.99,4.0,73.22,5.59,red,Morning,27.76,,0.0
14.72,4.84,156.96,0.04,94.77,0.29,141.77,3.37,84.31,4.72,green,Midday,23.25,8-9,8470.22
23.02,2.24,204.86,3.88,135.77,2.51,155.69,0.1,70.98,2.78,yellow,Midday,29.11,,0.0
16.11,9.55,335.64,4.3,215.77,0.13,248.38,4.29,96.56,3.41,red,Midday,13.37,10-11,0.0
17.19,10.96,409.26,4.14,180.28,3.93,327.67,6.38,116.23,3.59,red,Midday,29.64,7-8,0.0
9.71,5.28,18.37,4.6,62.27,12.42,39.71,2.24,80.36,4.1,yellow,Midday,24.69,,272850.04
12.54,5.92,60.73,5.53,153.51,6.18,181.12,2.24,87.49,2.43,yellow,Midday,20.2,,0.0
22.38,8.01,434.43,8.13,67.21,9.46,65.61,1.61,67.79,5.77,yellow,Midday,10.66,12-13,0.0
18.64,6.27,101.74,2.49,237.83,2.2,94.26,2.95,114.08,5.32,green,Midday,3.74,8-9,0.0
11.74,8.22,23.29,7.55,129.93,3.25,92.75,4.96,88.53,4.74,green,Morning,17.9,,0.0
18.71,6.82,139.36,6.65,299.39,2.55,70.15,1.39,74.17,5.66,green,Morning,10.38,,0.0
27.32,5.63,271.53,5.29,149.74,0.57,110.7,3.02,93.08,5.04,green,Midday,20.86,12-13,0.0
21.67,7.85,77.4,7.07,156.73,2.49,92.31,0.99,77.64,4.76,yellow,Midday,21.4,,0.0
13.83,8.31,242.44,5.12,119.66,8.47,107.01,2.82,74.55,3.24,green,Morning,14.32,7-8,0.0
17.1,5.05,227.25,7.98,194.06,0.13,85.19,0.77,78.69,5.24,green,Midday,22.98,,0.0
11.43,11.21,65.19,5.87,253.45,3.43,198.71,4.26,92.29,5.12,green,Morning,12.86,5-6,0.0
26.3,7.29,297.05,5.25,48.98,1.38,151.68,2.77,65.76,3.42,green,Midday,25.09,,73878.65
19.11,5.85,80.72,7.04,297.0,4.82,91.4,2.08,105.94,4.03,green,Morning,20.84,,0.0
12.26,7.31,148.76,0.04,23.51,1.1,140.07,4.51,82.13,2.54,green,Evening,20.51,,14160.31
22.75,13.62,207.58,7.55,168.59,6.97,140.03,4.19,80.56,2.87,yellow,Midday,26.42,8-9,0.0
20.11,6.0,77.1,2.56,131.06,3.95,92.97,3.36,97.77,3.9,yellow,Evening,25.97,12-13,90091.75
21.15,4.66,102.35,5.61,42.18,5.47,141.04,2.69,114.44,4.21,green,Morning,20.49,,28360.29
11.29,6.15,106.11,5.92,70.47,7.59,91.2,7.96,87.93,2.66,red,Morning,20.74,,0.0
21.95,6.94,180.42,4.82,140.63,4.01,168.99,0.28,85.47,3.17,red,Midday,16.94,,115254.69
22.14,3.75,215.65,7.43,69.82,7.3,98.37,5.49,89.33,3.4,red,Midday,14.41,10-11,0.0
19.17,3.2,223.49,7.69,175.48,2.8,237.12,5.76,117.13,3.23,red,Midday,17.76,,0.0
5.23,9.19,30.93,1.43,144.65,2.44,138.88,3.35,67.49,1.86,green,Evening,19.19,8-9,145540.88
15.77,7.68,179.43,3.82,327.62,1.61,116.02,4.33,106.93,3.71,yellow,Midday,22.7,,0.0
10.59,1.02,27.53,7.82,133.73,1.64,132.68,4.53,68.22,3.14,red,Evening,14.38,,0.0
13.07,12.03,246.78,1.99,18.07,15.85,269.32,0.21,84.74,4.38,red,Midday,17.1,8-9,235563.23
21.9,12.21,438.6,4.51,258.97,3.53,148.51,3.97,94.68,3.47,red,Midday,34.25,7-8,0.0
14.87,5.77,213.18,2.18,93.26,5.16,234.58,2.3,123.34,3.86,green,Morning,10.25,,148951.7
23.05,3.58,196.43,6.06,88.75,6.37,138.79,4.47,84.07,4.28,red,Midday,27.52,7-8,29518.51
12.8,7.79,153.85,5.07,241.48,5.65,163.78,4.16,80.96,2.71,red,Midday,14.68,4-5,0.0
24.22,8.28,456.69,4.02,104.74,0.76,99.65,5.28,91.8,3.66,red,Evening,14.6,12-13,0.0
21.03,9.84,377.72,4.32,170.53,10.05,62.45,0.68,90.32,3.03,green,Midday,20.97,5-6,0.0
11.64,5.03,88.35,1.41,66.27,4.14,134.55,0.76,95.87,2.34,green,Midday,32.46,,37071.31
17.75,7.18,104.02,4.06,27.43,0.35,171.8,5.09,85.41,3.38,yellow,Midday,20.07,,0.0
18.51,9.29,393.13,4.74,115.19,4.93,190.55,5.61,85.54,3.94,yellow,Evening,20.66,,0.0
21.55,6.35,269.16,4.91,264.34,0.03,148.07,4.95,117.52,1.84,yellow,Midday,28.76,7-8,0.0
21.91,9.5,454.66,1.11,138.18,4.45,91.04,4.01,91.63,4.39,red,Morning,12.63,,305947.29
17.7,5.86,186.53,1.28,44.45,1.24,199.08,2.69,118.57,1.73,red,Midday,33.68,,198906.69
15.03,4.9,155.38,10.04,111.94,5.31,173.7,2.71,106.1,4.71,yellow,Midday,13.64,12-13,0.0
17.7,8.09,162.2,7.44,43.35,2.4,192.26,5.68,88.36,3.7,red,Midday,23.88,7-8,0.0
12.82,6.69,91.27,12.01,226.74,2.2,119.61,0.45,50.32,4.45,green,Midday,22.5,7-8,0.0
13.44,6.2,146.37,9.47,136.63,2.28,124.0,9.05,94.25,4.17,red,Evening,29.28,,0.0
19.78,7.46,230.78,2.49,67.74,4.4,139.72,5.31,97.25,3.7,yellow,Evening,14.95,,156000.44
7.82,3.85,93.64,8.48,238.02,2.63,190.38,3.81,79.7,4.07,green,Evening,25.13,,0.0
21.09,10.02,395.41,6.24,207.83,1.65,136.24,3.97,131.14,3.88,yellow,Evening,18.99,,0.0
21.1,7.85,409.21,5.84,107.65,3.1,134.08,5.97,65.8,4.09,yellow,Morning,10.26,,0.0
12.7,9.17,233.38,3.08,252.79,2.93,164.05,7.75,88.91,3.57,red,Midday,22.89,7-8,0.0
15.6,3.13,162.04,5.89,105.98,0.14,188.4,2.52,78.79,3.56,yellow,Midday,28.18,8-9,0.0
12.05,10.4,126.19,7.17,88.16,5.22,157.49,4.34,84.75,4.19,red,Morning,25.59,,0.0
22.97,5.93,425.61,8.24,135.65,1.73,104.44,9.32,84.38,3.82,red,Evening,22.36,,0.0
13.72,5.35,42.26,6.37,51.44,1.71,104.3,2.04,82.53,2.98,red,Midday,23.45,,186919.91
15.52,7.96,309.33,2.15,148.29,2.21,113.25,2.34,83.96,4.79,green,Midday,5.75,5-6,0.0
22.11,7.89,254.38,9.62,296.01,0.97,187.17,4.15,123.33,1.02,yellow,Evening,19.08,12-13,0.0
18.81,6.59,147.8,1.18,84.25,9.23,136.99,2.06,73.18,2.12,red,Morning,22.31,4-5,225055.17
11.29,5.41,127.7,3.53,18.06,7.05,183.32,1.18,61.64,3.47,red,Midday,18.34,,282036.93
17.75,3.41,86.32,6.57,159.85,2.11,187.81,3.03,98.92,4.36,green,Midday,19.03,,0.0
12.68,6.15,37.22,7.35,192.54,4.46,182.67,7.52,72.58,5.13,yellow,Morning,21.86,,0.0
23.61,6.59,216.25,4.85,197.63,4.41,295.42,6.47,112.23,4.84,red,Midday,17.96,12-13,0.0
7.81,6.25,57.93,3.87,152.8,8.74,67.81,3.1,100.27,3.65,green,Midday,20.52,,291777.99
25.83,6.94,304.2,3.16,136.28,6.62,216.54,5.39,101.66,4.46,red,Evening,31.53,,0.0
18.97,6.37,81.12,8.89,208.65,4.21,141.34,6.82,95.09,3.07,red,Evening,27.77,,0.0
11.01,4.88,3.97,2.73,73.64,8.07,192.49,0.51,89.17,2.5,green,Midday,6.11,,43844.62
17.99,8.55,242.83,5.41,142.84,8.53,168.95,4.3,69.55,2.71,yellow,Midday,22.63,,0.0
18.22,6.66,196.75,3.47,39.78,3.89,131.03,2.09,68.02,2.86,yellow,Midday,15.39,,140915.44
21.75,4.65,295.81,7.04,203.83,1.44,127.89,1.74,57.62,3.88,green,Midday,20.9,,0.0
10.89,2.7,84.21,7.37,167.3,5.13,57.42,2.94,71.82,2.66,green,Midday,21.12,7-8,0.0
17.08,4.82,194.73,0.65,57.26,1.7,92.58,3.47,87.68,4.62,yellow,Morning,21.5,,45174.03
14.25,9.21,275.02,0.01,18.97,4.96,217.9,1.64,77.76,3.73,red,Morning,21.21,7-8,164556.62
12.55,9.7,98.97,1.71,9.82,7.23,64.55,0.1,61.02,3.06,red,Midday,9.72,4-5,169899.0
27.53,3.47,405.04,4.31,186.81,6.85,175.08,1.67,87.86,3.3,green,Evening,26.86,5-6,178026.3
21.93,5.03,15.53,7.8,239.48,0.01,239.5,4.73,105.12,3.74,yellow,Midday,9.93,7-8,0.0
13.55,4.52,7.05,3.99,97.29,6.39,171.4,1.29,103.25,2.89,yellow,Midday,12.97,7-8,291090.79
23.17,4.51,151.48,12.46,200.55,0.13,260.61,4.38,78.26,3.3,red,Evening,34.45,5-6,0.0
13.32,4.23,81.32,2.96,236.58,,193.14,4.03,68.57,2.55,red,Midday,19.34,,377707.45
9.22,6.62,121.84,7.66,158.51,0.94,157.01,3.05,133.6,4.01,yellow,Morning,29.66,5-6,0.0
24.13,5.75,341.44,6.47,241.78,0.66,180.55,7.54,106.06,3.73,red,Midday,20.35,,0.0
10.77,5.55,35.21,0.58,27.09,6.48,73.85,0.81,69.46,4.32,yellow,Midday,21.02,,39874.17
21.73,5.59,168.21,8.05,280.79,3.96,93.45,3.44,84.81,2.15,yellow,Evening,18.95,,0.0
24.43,5.01,372.01,8.75,167.72,2.78,203.26,4.83,72.16,3.54,red,Midday,20.28,5-6,0.0
20.28,6.64,180.56,4.16,92.44,5.28,203.46,1.85,97.28,4.5,yellow,Evening,24.82,7-8,266588.03
1.6,6.25,20.22,3.72,20.96,3.2,144.31,3.81,95.32,3.16,green,Midday,19.98,,39053.31
26.11,5.05,362.24,7.84,236.97,1.36,115.98,4.16,91.78,4.59,green,Midday,13.4,,0.0
24.52,7.43,397.24,0.53,17.52,4.58,224.17,0.46,93.56,4.51,green,Midday,21.83,,53639.73
16.52,6.68,115.96,5.53,336.86,4.79,203.99,1.5,93.01,5.94,green,Evening,25.95,7-8,0.0
18.3,6.49,328.93,5.67,177.38,4.9,132.81,1.58,86.79,5.57,green,Midday,15.81,5-6,0.0
18.88,7.58,127.4,2.96,27.56,2.95,22.52,0.69,75.67,4.52,green,Morning,27.64,,130417.59
27.75,7.11,328.79,4.23,108.78,2.35,318.4,3.4,70.02,4.13,red,Midday,19.53,7-8,0.0
3.3,6.57,27.17,0.36,149.97,12.01,195.87,0.37,84.98,4.08,green,Midday,22.02,,404.47
23.4,8.01,320.04,8.2,266.11,4.69,80.94,4.11,123.06,2.59,red,Evening,17.43,,442413.61
27.55,7.65,392.41,11.92,206.39,1.53,115.07,1.68,51.84,3.01,red,Midday,24.54,7-8,0.0
15.68,8.46,141.41,3.6,198.09,4.85,59.39,0.15,82.3,4.52,green,Evening,9.02,,135269.47
8.74,7.27,71.54,3.68,115.13,3.03,104.39,4.54,96.45,4.25,red,Midday,21.81,,111968.88
11.22,8.71,184.6,2.39,77.38,0.35,179.82,3.91,113.6,4.02,yellow,Midday,21.94,,0.0
17.33,2.82,58.22,8.99,219.23,1.8,171.07,2.8,93.24,5.26,yellow,Morning,32.87,,0.0
6.73,4.96,2.67,5.11,170.08,4.49,150.83,4.44,104.38,1.69,green,Morning,19.93,,314726.76
3.24,9.23,11.84,1.24,64.14,1.11,51.81,1.81,109.64,5.34,red,Evening,14.02,8-9,37203.81
22.86,3.72,268.34,5.18,251.5,2.93,195.59,2.72,121.64,4.29,yellow,Evening,17.65,,0.0
22.04,6.32,67.83,6.32,224.2,1.62,178.78,0.24,91.72,3.28,yellow,Morning,28.05,7-8,0.0
2.17,6.53,18.77,1.76,120.17,1.67,24.22,1.91,103.33,4.08,green,Midday,23.95,,48444.76
24.59,6.72,234.65,1.61,107.48,0.91,66.84,0.83,93.77,3.32,red,Midday,13.12,,497131.09
9.94,6.3,172.61,7.67,120.55,0.52,50.27,5.58,91.38,3.24,red,Midday,10.05,,0.0
19.04,5.86,173.84,2.39,72.83,2.97,209.16,0.49,100.23,4.96,red,Midday,24.88,10-11,15260.28
10.17,6.94,182.73,2.15,113.46,3.86,159.65,4.7,88.01,3.57,yellow,Evening,6.99,,0.0
23.81,7.89,470.75,1.24,112.57,4.82,215.24,4.4,89.09,3.38,red,Midday,30.57,,259715.13
8.75,11.83,175.81,7.13,311.73,1.87,65.1,0.52,91.52,5.59,green,Midday,16.23,,0.0
9.59,4.04,162.87,8.64,214.24,1.55,293.31,6.66,110.82,1.65,yellow,Midday,20.74,,0.0
14.13,10.65,426.59,7.12,73.25,3.86,217.94,3.34,89.69,4.28,yellow,Midday,30.03,,0.0
2.16,6.28,34.23,4.79,30.68,5.62,154.9,4.37,85.05,4.38,red,Morning,31.29,5-6,81857.49
10.32,8.92,4.06,3.63,15.37,8.05,124.63,5.45,116.84,2.77,red,Midday,15.89,8-9,76839.3
23.28,2.74,38.67,7.38,138.91,6.49,300.82,3.09,88.24,4.33,yellow,Morning,15.34,,0.0
17.95,3.91,102.19,0.78,0.16,2.83,128.2,0.65,96.67,2.81,yellow,Midday,14.35,,32209.9
14.56,12.3,170.89,6.36,176.76,3.11,99.55,6.26,100.65,4.04,yellow,Midday,16.95,,0.0
21.15,4.26,94.66,1.88,61.24,7.33,209.18,0.68,71.29,4.52,red,Midday,11.23,4-5,55412.74
23.61,5.42,103.49,3.75,97.07,7.5,246.48,4.79,140.52,3.47,yellow,Midday,27.4,,293475.05
1.81,6.95,99.54,1.69,14.21,3.78,164.9,4.79,113.49,3.64,yellow,Morning,13.1,7-8,70775.3
9.98,4.64,60.98,1.25,21.25,7.92,186.76,6.36,84.15,3.35,yellow,Midday,21.63,,106385.36
7.45,9.52,97.09,4.48,103.51,2.23,253.98,4.49,97.36,2.84,red,Midday,33.07,,0.0
23.28,3.01,181.5,5.91,138.56,1.64,248.09,3.91,87.64,4.08,red,Midday,17.51,5-6,0.0
15.87,4.53,185.76,0.52,41.86,5.38,103.88,1.89,91.31,2.69,red,Midday,23.53,,35994.79
16.99,4.55,164.6,2.69,36.21,12.57,154.46,1.28,98.43,2.87,green,Midday,20.82,,215703.73
8.3,5.47,25.23,1.62,78.36,3.4,173.1,1.55,89.79,3.18,green,Morning,24.64,,120556.71
16.81,4.42,55.83,5.55,10.96,0.88,204.68,5.98,105.29,3.0,red,Midday,33.7,,0.0
14.57,10.59,121.71,10.23,158.67,6.19,217.27,6.55,106.17,4.13,red,Evening,19.32,,0.0
21.0,6.98,257.47,3.12,146.06,0.65,189.37,2.82,89.93,1.99,yellow,Midday,15.19,,153422.22
14.67,4.4,189.58,5.12,265.44,6.42,197.47,5.51,95.88,3.49,red,Evening,18.1,8-9,0.0
27.03,3.98,170.4,11.16,245.76,2.41,206.35,4.97,101.23,3.96,yellow,Evening,19.57,,0.0
4.97,7.06,31.41,4.16,125.99,3.6,175.58,2.77,85.23,3.51,green,Morning,17.91,,297523.1
26.21,8.21,391.66,5.19,136.06,7.25,85.5,2.14,85.04,2.62,red,Evening,14.2,8-9,139159.4
17.99,4.6,164.95,1.78,28.55,9.17,205.26,0.49,102.43,5.1,green,Midday,26.57,12-13,56508.37
12.84,8.21,101.82,9.16,204.05,3.91,210.53,1.15,101.08,3.04,yellow,Evening,24.48,,0.0
9.45,3.47,16.71,5.02,281.9,4.3,231.78,4.96,115.82,5.0,red,Morning,29.18,5-6,0.0
22.67,4.91,102.25,1.52,57.59,2.76,123.91,3.42,109.26,3.05,red,Morning,17.76,,14935.15
19.5,7.21,79.09,0.26,58.16,6.07,15.26,0.33,92.76,3.69,red,Midday,13.18,,177465.81
14.81,1.24,128.79,3.77,260.9,2.19,166.35,4.3,106.47,2.66,red,Evening,7.22,7-8,0.0
16.5,6.87,259.47,0.2,3.71,0.53,153.27,2.36,86.39,4.03,green,Midday,24.92,12-13,74152.7
5.15,11.36,6.47,1.43,3.93,1.18,148.28,0.33,85.84,3.04,yellow,Midday,6.37,,103557.83
1.75,5.7,13.07,0.74,94.54,13.13,186.41,3.1,75.12,1.83,yellow,Midday,15.72,10-11,223376.43
10.53,6.43,73.04,0.17,18.56,3.89,137.69,1.9,104.17,3.14,yellow,Morning,13.77,,21081.14
4.73,7.41,32.09,2.44,58.06,1.53,116.39,3.53,67.17,3.31,yellow,Midday,19.95,7-8,0.0
8.69,6.33,61.6,3.26,159.97,2.24,121.22,2.96,89.21,2.69,yellow,Midday,28.95,,0.0
28.64,5.61,264.61,5.57,137.93,1.14,114.41,0.37,73.09,4.52,green,Midday,19.95,,0.0
8.22,6.22,28.69,3.21,92.98,8.38,229.77,6.65,77.48,3.4,green,Midday,8.44,,394502.23
12.25,3.41,115.29,2.4,74.46,0.38,190.11,5.61,88.74,5.61,yellow,Midday,21.65,5-6,69843.07
17.2,5.79,122.02,7.34,118.28,0.51,203.15,4.21,105.35,3.45,yellow,Evening,19.77,,0.0
8.64,3.81,32.04,1.28,58.24,6.17,139.4,1.59,67.96,1.94,red,Morning,21.61,,26269.95
18.22,4.11,76.93,10.42,235.38,1.43,259.8,8.79,81.77,5.0,red,Midday,34.61,,0.0
18.57,2.15,55.18,8.7,50.5,2.39,84.74,3.25,92.25,2.97,yellow,Evening,19.92,,0.0
0.3,3.89,76.89,1.39,133.39,6.43,45.21,0.42,51.33,3.36,red,Midday,32.85,,330053.19
17.18,2.57,157.66,7.95,232.08,1.01,198.96,3.64,102.75,2.46,red,Morning,17.9,,0.0
20.6,6.38,99.44,4.99,6.64,6.32,142.67,5.79,93.69,2.93,red,Midday,17.32,,256417.81
11.95,9.27,81.15,1.21,37.09,8.45,167.3,2.75,74.35,4.79,green,Morning,13.98,5-6,17773.59
12.75,3.67,147.82,3.23,223.32,2.77,117.21,3.17,79.96,3.73,red,Evening,20.04,7-8,0.0
12.44,7.87,121.59,3.84,3.79,11.22,41.67,1.83,78.57,3.4,red,Evening,21.05,,241732.57
4.5,10.01,32.58,5.19,23.82,8.69,241.15,0.89,73.24,1.88,red,Midday,13.39,,377672.96
19.37,8.3,368.86,4.62,58.79,4.67,158.71,2.73,130.77,3.88,green,Midday,24.0,,0.0
25.1,8.06,440.67,3.32,377.04,0.84,61.16,0.59,101.8,1.93,yellow,Midday,20.44,,0.0
19.57,5.88,313.92,2.32,107.88,0.49,110.53,4.79,92.98,4.19,yellow,Midday,11.39,,0.0
9.11,4.78,81.97,5.03,46.44,2.53,180.65,5.4,110.54,5.21,green,Midday,16.6,,65587.72
27.04,2.28,152.02,7.82,232.29,1.58,136.75,4.39,81.43,3.15,yellow,Midday,14.05,,0.0
24.59,6.8,624.88,8.37,205.03,5.3,299.32,2.8,69.72,2.76,red,Evening,13.37,7-8,0.0
33.12,7.54,391.44,6.72,316.92,3.83,10.25,1.33,92.46,3.95,green,Evening,25.72,,0.0
14.36,6.95,98.04,6.36,259.03,5.68,137.13,4.47,121.38,3.76,yellow,Midday,18.21,,0.0
17.6,3.26,134.73,6.5,131.63,2.19,87.18,3.57,107.0,3.71,green,Morning,19.79,,0.0
26.23,6.3,178.8,0.75,147.1,0.26,66.45,3.11,114.55,2.49,red,Midday,25.41,,97669.41
14.31,8.15,55.48,0.7,6.71,3.16,102.46,1.44,80.45,5.39,red,Midday,20.01,7-8,84119.95
2.38,4.55,30.51,1.73,48.04,5.93,13.73,3.49,118.85,2.98,yellow,Midday,10.57,,2245.28
20.27,2.95,134.3,4.18,157.87,3.82,163.74,4.18,92.46,3.79,red,Midday,25.12,5-6,0.0
24.39,4.67,196.2,4.6,124.16,2.57,147.47,6.84,116.16,4.02,red,Morning,16.59,10-11,0.0
12.78,7.32,208.11,2.62,193.95,4.4,94.25,0.19,106.79,3.77,green,Midday,9.34,,0.0
10.59,6.74,142.39,8.4,185.66,5.43,132.68,1.17,91.08,3.51,yellow,Midday,23.8,5-6,0.0
24.43,7.23,292.91,5.67,343.99,0.42,176.47,5.16,133.61,3.9,green,Morning,24.78,,0.0
19.9,5.81,360.19,2.89,46.35,5.5,146.11,1.74,63.3,4.62,green,Midday,24.82,,47494.07
7.17,4.14,31.05,4.02,84.75,0.92,2.04,0.59,95.09,3.18,green,Midday,18.5,,9031.26
18.81,5.78,190.04,0.53,198.82,4.93,70.69,3.34,111.07,3.33,green,Evening,18.14,,119709.11
17.27,7.23,258.14,2.39,111.64,3.37,125.5,2.25,75.45,2.65,red,Midday,20.81,,108563.53
23.53,5.31,245.65,10.93,149.77,0.1,90.45,2.95,120.76,4.22,yellow,Midday,35.01,8-9,0.0
2.21,5.25,46.61,2.47,81.48,9.64,31.15,0.11,94.96,3.5,yellow,Morning,27.39,5-6,192972.86
16.12,6.54,117.9,4.73,8.52,4.73,266.09,4.65,136.09,2.72,red,Midday,25.23,7-8,0.0
10.64,3.2,130.15,0.56,157.58,6.52,68.43,5.2,88.91,3.7,yellow,Midday,11.95,,188017.52
15.04,7.88,183.43,8.49,121.41,3.17,134.88,4.34,96.78,2.84,yellow,Midday,21.0,,0.0
11.66,5.9,123.34,8.64,145.45,2.87,220.39,3.4,91.63,1.5,yellow,Midday,27.02,,0.0
25.88,7.98,568.47,5.69,24.76,3.44,240.92,4.62,85.54,5.32,red,Morning,12.77,,0.0
20.72,10.45,520.66,2.08,157.92,0.51,147.44,1.86,46.55,2.54,yellow,Midday,10.56,8-9,159579.5
6.02,7.71,26.96,1.88,29.11,10.13,70.2,5.36,64.48,3.93,red,Midday,22.5,7-8,32949.32
27.85,8.55,370.83,4.67,252.25,0.7,172.02,5.25,87.46,3.52,red,Midday,30.78,,0.0
11.65,6.02,67.73,10.05,66.09,9.99,242.89,3.55,82.79,2.52,yellow,Midday,21.05,,0.0
15.3,9.53,205.76,2.5,224.59,3.49,46.22,3.11,104.61,4.75,green,Midday,11.82,,0.0
16.9,7.24,128.81,5.42,275.5,2.88,279.59,6.39,76.31,3.09,red,Evening,26.28,,0.0
10.09,8.52,17.94,5.07,150.45,1.15,89.4,2.07,89.68,2.6,green,Evening,21.58,,85531.39
25.08,8.11,553.36,3.14,75.88,3.9,109.32,1.71,85.15,3.77,yellow,Midday,22.17,,173648.48
21.58,7.61,259.21,2.21,47.94,2.68,210.52,5.94,97.14,2.39,red,Midday,17.92,,226805.51
7.37,9.3,55.76,6.86,103.78,1.55,104.93,5.15,81.41,3.57,red,Midday,31.68,,0.0
24.56,8.42,173.61,4.11,123.84,4.37,156.83,4.15,81.37,7.55,green,Midday,11.22,4-5,0.0
24.29,7.54,218.51,5.13,108.64,1.56,87.16,6.91,92.63,2.89,red,Midday,22.78,,0.0
8.93,6.73,32.01,1.45,272.99,1.45,61.24,3.62,83.74,4.88,green,Midday,15.7,5-6,0.0
11.18,9.88,63.8,6.44,15.8,0.86,86.38,2.03,87.93,4.1,yellow,Midday,26.68,,221883.58
15.66,4.14,68.57,1.18,55.38,7.68,101.95,4.04,93.35,3.06,green,Morning,16.37,,2339.5
4.44,5.03,52.02,6.38,136.27,3.07,272.02,7.1,122.77,5.03,yellow,Midday,9.32,,0.0
15.6,7.75,163.09,7.18,221.1,4.27,263.47,3.45,109.98,2.38,yellow,Midday,15.14,,0.0
22.25,8.48,208.15,3.36,20.0,9.86,91.42,3.2,62.1,4.09,green,Morning,15.01,,112216.67
16.92,8.25,5.61,7.46,104.42,3.26,51.0,0.02,128.91,3.05,yellow,Morning,25.58,,0.0
28.58,7.04,307.37,5.62,122.73,0.7,221.27,5.15,67.15,3.13,red,Morning,20.26,,0.0
19.88,4.15,201.66,4.89,123.27,5.16,223.64,5.82,90.74,3.26,yellow,Midday,34.6,,0.0
15.28,3.59,13.62,3.43,84.94,8.58,220.78,3.14,46.61,2.95,red,Midday,30.46,,191976.01
11.51,3.58,27.46,9.45,260.41,3.96,160.64,5.95,115.52,5.17,yellow,Evening,15.43,,0.0
13.25,8.79,160.29,4.7,185.55,2.09,158.4,2.72,107.88,3.93,red,Evening,22.61,,0.0
17.74,5.82,138.47,4.54,125.97,3.03,140.09,6.16,101.05,4.83,yellow,Evening,18.44,12-13,0.0
12.46,8.06,66.17,10.81,102.07,4.84,241.97,2.01,101.78,3.31,red,Midday,9.94,,0.0
15.35,7.16,140.19,0.64,19.29,3.87,67.08,1.35,91.54,4.33,yellow,Morning,9.78,,5496.67
15.34,6.16,171.33,4.43,23.12,2.77,74.02,1.31,75.84,3.56,green,Midday,19.65,4-5,258593.79
19.22,6.07,211.82,9.9,84.5,0.28,79.95,2.14,96.36,4.39,green,Midday,19.09,12-13,0.0
23.46,2.68,122.8,9.03,171.29,0.69,162.19,2.41,112.98,3.92,red,Evening,16.69,,0.0
8.48,6.1,105.71,4.44,57.02,6.62,86.21,1.8,39.02,2.92,green,Morning,19.25,,274349.82
15.17,11.26,314.73,5.91,290.85,0.12,156.76,8.14,101.48,4.72,green,Midday,19.65,7-8,0.0
16.37,8.66,137.47,10.63,227.45,7.37,217.48,4.02,97.97,,red,Morning,28.55,,0.0
10.36,10.98,77.44,9.24,163.81,0.58,24.35,2.99,97.33,2.96,green,Midday,18.34,,0.0
15.18,8.29,95.23,12.05,174.63,0.21,115.95,1.58,110.79,2.78,green,Midday,8.82,8-9,0.0
13.34,4.96,176.59,3.58,165.91,1.55,196.73,6.21,108.49,2.66,red,Morning,25.13,7-8,0.0
1.96,7.07,2.16,7.88,165.53,15.86,137.46,2.46,137.33,5.17,yellow,Midday,16.68,,57101.7
12.16,6.54,47.64,5.23,26.89,2.18,87.07,2.66,97.41,4.26,red,Midday,11.81,,0.0
8.21,5.63,118.97,2.34,68.01,5.48,121.72,2.58,132.93,4.5,red,Midday,26.8,10-11,27004.66
29.97,5.6,795.94,2.2,49.97,0.27,184.85,0.73,83.88,2.72,yellow,Midday,16.89,,60078.95
10.44,6.6,120.33,8.87,8.95,8.2,170.24,0.63,94.91,2.28,yellow,Morning,16.86,,151898.47
7.81,10.42,58.64,11.07,29.28,5.82,89.73,2.14,69.15,4.58,yellow,Midday,20.45,,354256.89
12.03,8.6,98.12,5.36,78.9,8.26,2.36,3.01,81.25,3.64,yellow,Midday,20.14,12-13,304594.96
6.1,8.73,82.22,1.01,113.03,4.8,165.3,5.25,62.0,4.99,yellow,Evening,18.62,4-5,3460.01
24.83,8.68,338.77,0.85,143.67,11.81,1.57,2.26,99.46,3.88,green,Morning,13.01,,331911.65
23.95,10.31,597.09,9.02,289.0,4.2,174.04,4.86,123.7,4.6,red,Midday,21.6,,0.0
7.11,7.06,44.31,2.16,64.64,3.6,102.49,1.91,137.09,3.32,green,Midday,8.99,5-6,14684.79
24.72,4.31,217.0,6.72,172.22,7.32,228.4,3.38,106.54,4.68,red,Midday,22.8,,0.0
16.86,5.58,63.39,1.28,128.83,1.38,215.2,1.93,87.09,1.92,green,Morning,24.91,,68666.48
22.63,10.09,456.68,6.09,269.22,2.51,281.17,4.31,77.13,4.53,yellow,Midday,12.43,,0.0
18.02,6.62,212.02,8.1,253.92,3.9,241.78,3.05,90.54,2.68,yellow,Evening,20.1,,0.0
21.2,6.77,212.98,8.13,189.84,2.38,220.38,6.77,88.81,2.44,red,Midday,22.29,,0.0
18.07,4.86,187.56,5.24,259.59,0.46,220.83,5.21,81.49,0.94,red,Midday,23.2,,0.0
12.06,8.47,115.42,7.9,151.05,3.04,5.67,5.05,143.98,3.46,green,Midday,22.33,4-5,0.0
6.83,5.3,15.61,2.0,182.47,4.49,49.25,1.01,87.51,2.91,yellow,Evening,23.53,,80071.12
22.84,11.69,178.81,5.78,28.33,8.23,170.74,3.33,83.97,3.11,red,Midday,21.88,,389037.3
10.81,8.54,172.26,1.03,69.19,5.11,150.42,2.44,83.19,2.75,green,Midday,21.89,8-9,132576.96
18.4,3.03,225.82,2.3,93.5,5.77,59.37,2.57,110.67,3.66,yellow,Evening,17.89,12-13,183440.48
5.18,7.66,14.13,2.64,148.98,11.4,138.93,1.48,135.91,3.82,red,Morning,13.17,,159324.58
25.03,6.04,255.82,4.82,320.3,2.18,285.87,6.28,76.54,3.66,yellow,Evening,21.44,7-8,0.0
24.09,8.95,199.58,7.19,199.52,1.56,15.44,3.01,88.63,5.41,green,Evening,27.68,,0.0
13.61,6.31,87.65,7.36,42.39,0.61,104.05,3.39,110.9,3.27,red,Midday,19.42,,223695.79
11.67,3.86,142.09,7.32,155.49,2.09,111.28,1.47,84.77,5.17,green,Midday,21.67,,0.0
8.24,2.4,24.07,2.19,113.22,13.4,75.3,0.54,77.02,5.46,red,Morning,10.12,,92125.3
2.61,6.84,33.72,3.75,43.03,7.52,82.14,0.61,109.69,3.2,red,Midday,11.65,,159345.27
12.13,3.44,86.52,8.45,82.84,0.4,127.84,4.87,63.31,5.29,yellow,Evening,29.84,7-8,0.0
8.56,3.66,36.52,3.13,220.0,3.43,159.24,1.29,139.99,4.22,green,Midday,21.46,,0.0
11.27,4.84,84.73,7.21,22.68,1.07,242.62,3.9,66.11,3.6,yellow,Midday,16.95,,0.0
21.33,9.28,433.74,7.1,62.15,2.17,184.53,7.42,78.6,3.97,red,Midday,14.52,7-8,0.0
19.53,9.04,258.09,3.42,7.54,3.6,249.38,3.38,119.87,5.3,yellow,Midday,27.76,,81125.29
5.97,7.35,39.99,4.96,114.99,0.57,92.84,2.62,79.59,4.13,green,Midday,11.35,,0.0
14.15,7.95,99.03,7.26,233.48,0.68,96.37,7.81,91.48,4.64,yellow,Morning,20.07,,0.0
19.81,6.83,236.5,1.89,43.36,0.04,62.85,2.46,101.52,2.81,green,Midday,17.0,,130406.35
17.57,4.93,102.97,2.7,152.68,6.69,244.07,1.88,117.92,5.25,yellow,Morning,15.32,,46400.65
10.78,11.12,130.35,3.3,203.11,3.41,143.38,4.21,84.62,4.21,yellow,Morning,25.1,10-11,0.0
18.16,6.25,229.64,3.88,94.85,0.05,149.49,2.66,101.15,3.8,green,Evening,25.07,8-9,60604.26
22.69,7.27,277.12,6.59,205.47,5.09,93.63,3.12,113.6,4.55,green,Morning,14.87,,0.0
7.23,5.78,122.99,2.49,27.07,5.31,158.27,0.61,110.65,2.64,yellow,Midday,23.46,8-9,13362.62
17.83,4.84,148.42,7.25,487.26,0.02,176.45,3.43,101.03,2.26,yellow,Midday,20.67,5-6,0.0
12.3,2.08,243.41,14.63,298.54,0.27,144.41,2.35,90.65,5.63,yellow,Morning,21.77,7-8,0.0
18.89,5.21,121.03,2.96,74.74,7.68,142.96,3.76,52.33,2.71,yellow,Midday,24.21,,234934.94
16.09,8.1,246.33,0.58,182.08,3.2,159.4,0.69,99.06,3.11,green,Midday,16.04,,390606.87
13.73,8.63,64.73,2.99,66.57,19.02,161.94,2.03,66.4,1.8,yellow,Midday,10.66,,149872.7
13.73,4.02,5.73,6.69,103.94,0.41,76.18,2.29,86.87,3.7,red,Midday,18.79,,205690.89
10.49,7.68,4.33,1.78,65.69,2.79,141.69,0.78,91.16,0.92,yellow,Midday,15.0,4-5,52499.55
7.77,8.11,50.29,1.87,94.2,4.02,69.9,0.23,117.05,4.22,red,Midday,31.5,,172018.79
15.97,3.31,137.14,2.82,47.19,3.68,114.68,2.04,109.44,1.56,yellow,Evening,12.91,5-6,36263.55
14.67,8.23,192.85,3.87,153.69,6.79,10.94,1.43,112.57,5.08,green,Morning,23.33,5-6,0.0
5.74,4.84,21.03,1.25,3.12,4.91,56.74,5.06,72.42,5.16,green,Evening,29.39,8-9,18610.65
19.29,3.63,129.77,3.84,21.72,0.72,96.44,1.82,116.68,5.14,red,Midday,22.1,,42228.85
14.95,4.28,172.15,3.68,50.26,2.09,78.52,0.52,113.28,1.32,green,Evening,25.87,,4332.67
7.78,7.23,254.22,1.11,115.64,4.35,164.94,0.68,102.03,3.59,green,Midday,25.62,,218064.49
18.1,5.08,322.47,8.29,155.46,5.46,220.89,1.85,98.29,4.35,yellow,Midday,26.89,8-9,0.0
19.21,7.09,300.41,5.11,183.38,3.94,182.67,6.25,86.15,4.53,yellow,Midday,12.72,,0.0
21.53,4.58,186.79,3.07,38.25,3.62,92.21,1.82,65.02,4.29,yellow,Midday,22.88,,143645.77
12.14,8.64,86.64,6.4,291.97,0.27,159.09,5.24,97.99,4.68,red,Midday,18.58,,0.0
21.01,7.77,184.41,9.22,165.99,4.63,219.57,2.95,98.66,4.08,red,Midday,17.92,7-8,0.0
19.11,8.69,142.56,0.16,218.01,3.75,105.81,3.32,87.14,2.65,red,Midday,16.26,,214395.11
9.6,7.83,39.7,3.39,29.43,3.88,196.22,2.16,125.46,3.65,yellow,Midday,20.01,,140470.59
15.26,7.4,169.71,6.56,120.28,4.61,166.17,2.83,112.28,3.92,red,Midday,21.57,,0.0
15.07,6.53,133.55,4.85,11.18,2.53,180.57,3.3,80.45,3.56,green,Morning,27.75,,90000.03
3.62,4.86,4.08,3.04,143.37,7.26,107.86,1.29,79.73,5.35,yellow,Midday,11.3,,100730.88
23.01,9.67,329.31,9.11,154.73,0.66,254.7,8.23,127.58,4.08,red,Evening,8.73,8-9,0.0
18.26,9.42,178.51,8.69,337.02,2.69,217.92,1.2,63.38,3.39,yellow,Midday,13.99,,0.0
8.78,6.67,97.96,10.22,131.32,2.98,112.97,1.02,101.0,4.37,green,Evening,19.22,,0.0
18.64,5.07,209.79,4.08,121.44,4.9,225.08,5.03,109.98,2.66,red,Midday,29.01,,0.0
17.35,2.17,189.38,6.73,229.71,0.03,127.15,3.25,89.07,4.33,yellow,Midday,18.44,7-8,0.0
24.83,9.43,384.55,4.5,209.53,5.71,103.5,1.59,110.42,5.82,green,Midday,13.11,,0.0
11.35,6.77,73.83,1.3,130.24,7.9,20.22,1.56,62.24,2.51,green,Morning,13.24,7-8,134920.6
16.43,13.44,188.76,3.12,202.29,6.92,193.68,1.78,90.33,4.0,green,Midday,23.0,12-13,316278.68
7.27,8.87,185.5,0.04,77.11,9.65,206.72,1.42,74.71,4.62,green,Midday,10.86,,120364.71
6.52,7.47,26.76,6.02,163.95,0.94,124.04,6.12,73.84,4.72,yellow,Midday,33.35,,0.0
10.25,4.11,122.61,0.31,54.72,8.75,77.63,1.19,100.46,3.83,yellow,Midday,10.58,,73617.33
3.16,8.76,5.96,2.9,4.23,2.33,32.34,2.04,104.36,3.83,green,Midday,12.87,4-5,28.83
10.31,4.54,139.63,1.33,95.18,0.3,49.51,4.53,90.52,4.22,red,Midday,18.8,,19567.99
16.67,6.21,179.47,7.32,14.74,9.09,112.16,2.8,54.18,3.22,yellow,Midday,15.76,8-9,249874.06
12.47,7.18,200.11,5.94,205.78,1.64,66.09,1.66,106.8,3.89,red,Evening,23.62,,318875.04
12.24,4.69,16.64,2.99,6.88,6.89,257.65,2.33,86.8,5.81,yellow,Midday,26.36,,59605.72
6.6,8.91,93.3,9.01,85.29,0.52,147.4,3.35,74.98,4.55,green,Midday,21.27,,0.0
23.26,9.0,164.57,9.73,10.61,7.73,131.34,6.81,112.36,5.41,yellow,Evening,14.85,,0.0
,5.07,91.15,6.3,81.4,4.1,104.82,3.66,92.45,3.91,red,Evening,16.9,5-6,271934.3
9.96,8.94,183.69,7.88,82.0,3.66,314.62,4.86,124.33,3.23,yellow,Midday,26.11,5-6,0.0
24.01,7.79,370.57,1.48,170.77,0.76,155.78,3.6,102.1,3.65,red,Morning,33.94,,0.0
16.88,6.13,168.22,2.28,165.69,6.08,10.65,4.93,81.64,3.99,green,Midday,16.52,,153216.16
24.77,4.44,205.88,5.14,23.7,7.01,216.5,5.93,57.99,3.21,red,Midday,31.04,,0.0
13.37,6.24,12.21,3.79,277.41,4.75,118.05,5.9,85.95,3.52,yellow,Evening,28.35,12-13,0.0
20.22,5.91,280.66,5.3,278.01,1.51,218.48,1.72,102.73,4.94,yellow,Midday,11.97,,0.0
16.0,4.83,188.45,1.47,61.06,7.87,3.64,5.55,61.51,4.08,green,Midday,14.58,7-8,100990.8
5.62,3.82,36.3,0.3,51.96,5.08,212.14,1.46,101.08,5.14,yellow,Morning,14.67,,41130.42
25.16,9.83,244.17,11.24,232.29,11.08,138.13,1.93,80.04,2.15,red,Midday,12.68,,0.0
18.61,6.77,157.41,2.03,196.17,1.77,68.34,5.01,108.31,2.58,green,Evening,16.68,4-5,0.0
14.45,4.12,85.9,4.18,31.71,2.08,58.66,1.17,107.03,3.36,green,Midday,17.17,,0.0
22.07,8.08,319.69,2.03,186.88,3.68,267.29,1.93,92.13,3.92,red,Morning,27.92,,0.0
11.84,5.16,93.06,2.87,195.25,10.41,68.0,3.95,69.65,4.03,green,Morning,15.46,,492343.84
21.6,6.02,261.61,9.11,230.16,2.9,70.74,4.19,86.15,3.71,red,Midday,16.83,5-6,0.0
16.61,7.11,170.6,5.92,314.09,4.4,228.92,4.73,74.9,2.83,red,Morning,28.51,,0.0
18.63,4.74,290.26,2.38,92.95,0.74,182.79,3.35,79.97,1.93,red,Morning,22.35,,227676.24
4.32,6.66,60.05,2.4,9.57,4.92,54.6,0.56,88.53,3.61,green,Midday,17.04,,173950.91
5.39,6.24,124.37,11.07,164.31,1.23,207.6,3.31,125.77,1.63,yellow,Morning,18.41,,0.0
21.62,8.49,268.81,0.93,80.35,7.42,24.0,5.65,72.76,3.3,green,Midday,20.8,,81178.78
9.63,5.82,15.5,5.17,82.14,4.24,92.52,0.86,77.12,3.29,green,Midday,29.93,,0.0
11.93,8.29,103.59,5.43,253.45,0.15,265.78,6.87,114.29,4.74,red,Evening,20.54,,0.0
7.98,6.8,127.15,4.55,40.94,1.04,193.02,2.15,86.96,3.28,yellow,Evening,22.15,8-9,264668.42
15.34,6.08,84.6,3.57,229.82,5.72,79.63,3.49,66.3,3.56,red,Midday,23.01,,233165.5
27.49,5.9,330.31,6.12,11.73,1.68,230.64,5.65,98.67,3.38,red,Midday,18.17,7-8,0.0
14.74,6.32,105.53,9.48,258.24,0.18,34.16,2.65,80.08,4.19,green,Evening,22.29,,0.0
14.79,4.18,85.08,2.18,0.59,6.01,166.02,1.23,97.41,3.78,red,Morning,15.3,7-8,229.15
11.04,4.95,71.18,0.29,38.27,1.4,41.16,4.44,113.84,2.97,yellow,Evening,17.36,,7189.47
14.42,7.84,75.95,5.72,81.16,9.31,147.58,3.97,104.83,3.74,yellow,Evening,27.9,,0.0
19.81,6.48,232.8,3.38,175.99,3.43,150.06,3.2,78.27,2.06,yellow,Evening,16.66,,0.0
8.68,10.22,26.24,5.36,254.3,7.16,24.43,1.11,61.63,3.15,green,Midday,18.25,12-13,201736.69
16.46,2.86,156.32,8.16,2.92,1.43,98.71,3.05,102.02,5.22,green,Midday,22.55,8-9,0.0
18.64,4.46,207.54,2.5,304.27,3.22,180.34,1.37,88.42,4.43,yellow,Midday,14.62,4-5,0.0
18.22,7.48,169.76,7.42,207.97,4.27,228.86,4.28,70.09,4.32,red,Morning,7.45,,0.0
3.16,8.29,37.97,3.39,21.18,9.08,148.39,3.64,56.78,3.63,red,Midday,19.84,,261280.9
18.12,7.0,154.95,2.23,37.53,8.82,219.32,2.78,81.62,4.53,red,Morning,24.06,4-5,194034.16
18.58,5.81,483.26,2.96,145.69,1.62,113.8,6.58,86.3,4.55,red,Midday,17.52,8-9,0.0
25.62,8.07,562.05,4.92,123.35,0.17,110.72,2.7,93.59,6.42,green,Midday,16.51,7-8,0.0
18.52,3.55,77.45,4.26,209.77,0.54,210.05,1.26,106.72,3.46,yellow,Morning,27.06,,0.0
28.25,3.22,316.65,0.09,134.46,4.9,52.0,1.16,74.19,4.67,yellow,Evening,16.83,7-8,155435.48
24.94,6.35,260.62,4.18,201.78,4.96,4.08,2.5,85.78,2.56,green,Midday,5.62,8-9,0.0
19.96,5.37,159.85,5.88,38.98,1.3,82.79,2.98,69.15,3.12,red,Midday,17.96,5-6,75647.13
14.67,6.63,62.36,8.02,220.28,1.09,196.54,3.24,113.22,4.69,yellow,Midday,20.3,,0.0
16.07,6.08,142.47,3.53,29.18,0.86,197.88,5.74,85.96,5.17,green,Midday,13.71,4-5,0.0
6.11,6.45,104.57,11.6,72.69,7.09,33.34,0.86,104.38,4.8,green,Midday,23.98,,0.0
15.11,5.74,34.95,6.77,140.45,12.43,203.54,4.86,97.92,3.56,red,Morning,24.58,,0.0
8.67,6.51,19.0,2.87,1.53,0.63,9.02,0.63,95.54,4.86,yellow,Evening,16.57,,88266.9
17.17,9.25,150.86,1.41,386.87,2.27,268.93,2.21,131.71,2.59,yellow,Morning,22.39,,0.0
14.16,6.87,124.72,1.97,202.83,3.31,203.84,2.9,114.42,3.17,yellow,Evening,15.84,7-8,0.0
3.71,7.12,29.53,1.05,115.61,9.8,45.95,2.39,97.7,4.01,green,Evening,16.05,,188390.86
14.33,8.99,179.04,4.19,344.16,2.65,164.35,1.11,80.82,2.95,green,Evening,22.88,,409383.92
